source_url,target_url,anchor_text,is_internal,raw_href
https://www.freyerinternational.com,https://www.freyerinternational.com//,,True,https://www.freyerinternational.com//
https://www.freyerinternational.com,https://www.freyerinternational.com//,Home,True,https://www.freyerinternational.com//
https://www.freyerinternational.com,https://www.freyerinternational.com//about,About,True,https://www.freyerinternational.com//about
https://www.freyerinternational.com,https://www.freyerinternational.com//services,Services,True,https://www.freyerinternational.com//services
https://www.freyerinternational.com,https://www.freyerinternational.com//services/air-services,Air Services,True,https://www.freyerinternational.com//services/air-services
https://www.freyerinternational.com,https://www.freyerinternational.com//services/ocean-services,Ocean Services,True,https://www.freyerinternational.com//services/ocean-services
https://www.freyerinternational.com,https://www.freyerinternational.com//services/customs-services,Customs Services,True,https://www.freyerinternational.com//services/customs-services
https://www.freyerinternational.com,https://www.freyerinternational.com//services/warehouse,Warehouse,True,https://www.freyerinternational.com//services/warehouse
https://www.freyerinternational.com,https://www.freyerinternational.com//services/risk-management,Risk Management,True,https://www.freyerinternational.com//services/risk-management
https://www.freyerinternational.com,https://www.freyerinternational.com//services/project-cargo,Project Cargo,True,https://www.freyerinternational.com//services/project-cargo
https://www.freyerinternational.com,https://www.freyerinternational.com//locations,Locations,True,https://www.freyerinternational.com//locations
https://www.freyerinternational.com,https://www.freyerinternational.com//awards,Awards,True,https://www.freyerinternational.com//awards
https://www.freyerinternational.com,https://www.freyerinternational.com//project,Project,True,https://www.freyerinternational.com//project
https://www.freyerinternational.com,https://www.freyerinternational.com//gallery,Gallery,True,https://www.freyerinternational.com//gallery
https://www.freyerinternational.com,https://www.freyerinternational.com//corporate-social-responsibility,CSR,True,https://www.freyerinternational.com//corporate-social-responsibility
https://www.freyerinternational.com,https://www.freyerinternational.com//careers,Careers,True,https://www.freyerinternational.com//careers
https://www.freyerinternational.com,https://www.freyerinternational.com//network partners,Network Partners,True,https://www.freyerinternational.com//network partners
https://www.freyerinternational.com,https://www.freyerinternational.com//contact-us,Contact Us,True,https://www.freyerinternational.com//contact-us
https://www.freyerinternational.com,https://www.freyerinternational.com//about,More Info,True,https://www.freyerinternational.com//about
https://www.freyerinternational.com,https://www.freyerinternational.com//services/air-services,Air Services,True,https://www.freyerinternational.com//services/air-services
https://www.freyerinternational.com,https://www.freyerinternational.com//services/ocean-services,Ocean Services,True,https://www.freyerinternational.com//services/ocean-services
https://www.freyerinternational.com,https://www.freyerinternational.com//services/customs-services,Customs Services,True,https://www.freyerinternational.com//services/customs-services
https://www.freyerinternational.com,https://www.freyerinternational.com//services/warehouse,Warehouse,True,https://www.freyerinternational.com//services/warehouse
https://www.freyerinternational.com,https://www.freyerinternational.com//services/risk-management,Risk Management,True,https://www.freyerinternational.com//services/risk-management
https://www.freyerinternational.com,https://www.freyerinternational.com//services/project-cargo,Project Cargo,True,https://www.freyerinternational.com//services/project-cargo
https://www.freyerinternational.com,https://www.freyerinternational.com//corporate-social-responsibility,More Info,True,https://www.freyerinternational.com//corporate-social-responsibility
https://www.freyerinternational.com,https://goo.gl/maps/uSFUvi7BgfK8FaFR7,View Map,False,https://goo.gl/maps/uSFUvi7BgfK8FaFR7
https://www.freyerinternational.com,https://www.freyerinternational.com//careers,Join Us,True,https://www.freyerinternational.com//careers
https://www.freyerinternational.com,https://www.freyerinternational.com//,Home,True,https://www.freyerinternational.com//
https://www.freyerinternational.com,https://www.freyerinternational.com//about,About,True,https://www.freyerinternational.com//about
https://www.freyerinternational.com,https://www.freyerinternational.com//services,Services,True,https://www.freyerinternational.com//services
https://www.freyerinternational.com,https://www.freyerinternational.com//locations,Locations,True,https://www.freyerinternational.com//locations
https://www.freyerinternational.com,https://www.freyerinternational.com//awards,Awards,True,https://www.freyerinternational.com//awards
https://www.freyerinternational.com,https://www.freyerinternational.com//gallery,Gallery,True,https://www.freyerinternational.com//gallery
https://www.freyerinternational.com,https://www.freyerinternational.com//corporate-social-responsibility,CSR,True,https://www.freyerinternational.com//corporate-social-responsibility
https://www.freyerinternational.com,https://www.freyerinternational.com//careers,Careers,True,https://www.freyerinternational.com//careers
https://www.freyerinternational.com,https://www.freyerinternational.com//contact-us,Contact Us,True,https://www.freyerinternational.com//contact-us
https://www.freyerinternational.com,https://www.freyerinternational.com//services/air-services,Air Services,True,https://www.freyerinternational.com//services/air-services
https://www.freyerinternational.com,https://www.freyerinternational.com//services/ocean-services,Ocean Services,True,https://www.freyerinternational.com//services/ocean-services
https://www.freyerinternational.com,https://www.freyerinternational.com//services/customs-services,Customs Services,True,https://www.freyerinternational.com//services/customs-services
https://www.freyerinternational.com,https://www.freyerinternational.com//services/warehouse,Warehouse,True,https://www.freyerinternational.com//services/warehouse
https://www.freyerinternational.com,https://www.freyerinternational.com//services/risk-management,Risk Management,True,https://www.freyerinternational.com//services/risk-management
https://www.freyerinternational.com,https://www.freyerinternational.com//services/project-cargo,Project Cargo,True,https://www.freyerinternational.com//services/project-cargo
https://www.freyerinternational.com,https://www.horizonsoftnet.com/,,False,https://www.horizonsoftnet.com/
https://www.freyerinternational.com/,https://www.freyerinternational.com//,,True,https://www.freyerinternational.com//
https://www.freyerinternational.com/,https://www.freyerinternational.com//,Home,True,https://www.freyerinternational.com//
https://www.freyerinternational.com/,https://www.freyerinternational.com//about,About,True,https://www.freyerinternational.com//about
https://www.freyerinternational.com/,https://www.freyerinternational.com//services,Services,True,https://www.freyerinternational.com//services
https://www.freyerinternational.com/,https://www.freyerinternational.com//services/air-services,Air Services,True,https://www.freyerinternational.com//services/air-services
https://www.freyerinternational.com/,https://www.freyerinternational.com//services/ocean-services,Ocean Services,True,https://www.freyerinternational.com//services/ocean-services
https://www.freyerinternational.com/,https://www.freyerinternational.com//services/customs-services,Customs Services,True,https://www.freyerinternational.com//services/customs-services
https://www.freyerinternational.com/,https://www.freyerinternational.com//services/warehouse,Warehouse,True,https://www.freyerinternational.com//services/warehouse
https://www.freyerinternational.com/,https://www.freyerinternational.com//services/risk-management,Risk Management,True,https://www.freyerinternational.com//services/risk-management
https://www.freyerinternational.com/,https://www.freyerinternational.com//services/project-cargo,Project Cargo,True,https://www.freyerinternational.com//services/project-cargo
https://www.freyerinternational.com/,https://www.freyerinternational.com//locations,Locations,True,https://www.freyerinternational.com//locations
https://www.freyerinternational.com/,https://www.freyerinternational.com//awards,Awards,True,https://www.freyerinternational.com//awards
https://www.freyerinternational.com/,https://www.freyerinternational.com//project,Project,True,https://www.freyerinternational.com//project
https://www.freyerinternational.com/,https://www.freyerinternational.com//gallery,Gallery,True,https://www.freyerinternational.com//gallery
https://www.freyerinternational.com/,https://www.freyerinternational.com//corporate-social-responsibility,CSR,True,https://www.freyerinternational.com//corporate-social-responsibility
https://www.freyerinternational.com/,https://www.freyerinternational.com//careers,Careers,True,https://www.freyerinternational.com//careers
https://www.freyerinternational.com/,https://www.freyerinternational.com//network partners,Network Partners,True,https://www.freyerinternational.com//network partners
https://www.freyerinternational.com/,https://www.freyerinternational.com//contact-us,Contact Us,True,https://www.freyerinternational.com//contact-us
https://www.freyerinternational.com/,https://www.freyerinternational.com//about,More Info,True,https://www.freyerinternational.com//about
https://www.freyerinternational.com/,https://www.freyerinternational.com//services/air-services,Air Services,True,https://www.freyerinternational.com//services/air-services
https://www.freyerinternational.com/,https://www.freyerinternational.com//services/ocean-services,Ocean Services,True,https://www.freyerinternational.com//services/ocean-services
https://www.freyerinternational.com/,https://www.freyerinternational.com//services/customs-services,Customs Services,True,https://www.freyerinternational.com//services/customs-services
https://www.freyerinternational.com/,https://www.freyerinternational.com//services/warehouse,Warehouse,True,https://www.freyerinternational.com//services/warehouse
https://www.freyerinternational.com/,https://www.freyerinternational.com//services/risk-management,Risk Management,True,https://www.freyerinternational.com//services/risk-management
https://www.freyerinternational.com/,https://www.freyerinternational.com//services/project-cargo,Project Cargo,True,https://www.freyerinternational.com//services/project-cargo
https://www.freyerinternational.com/,https://www.freyerinternational.com//corporate-social-responsibility,More Info,True,https://www.freyerinternational.com//corporate-social-responsibility
https://www.freyerinternational.com/,https://goo.gl/maps/uSFUvi7BgfK8FaFR7,View Map,False,https://goo.gl/maps/uSFUvi7BgfK8FaFR7
https://www.freyerinternational.com/,https://www.freyerinternational.com//careers,Join Us,True,https://www.freyerinternational.com//careers
https://www.freyerinternational.com/,https://www.freyerinternational.com//,Home,True,https://www.freyerinternational.com//
https://www.freyerinternational.com/,https://www.freyerinternational.com//about,About,True,https://www.freyerinternational.com//about
https://www.freyerinternational.com/,https://www.freyerinternational.com//services,Services,True,https://www.freyerinternational.com//services
https://www.freyerinternational.com/,https://www.freyerinternational.com//locations,Locations,True,https://www.freyerinternational.com//locations
https://www.freyerinternational.com/,https://www.freyerinternational.com//awards,Awards,True,https://www.freyerinternational.com//awards
https://www.freyerinternational.com/,https://www.freyerinternational.com//gallery,Gallery,True,https://www.freyerinternational.com//gallery
https://www.freyerinternational.com/,https://www.freyerinternational.com//corporate-social-responsibility,CSR,True,https://www.freyerinternational.com//corporate-social-responsibility
https://www.freyerinternational.com/,https://www.freyerinternational.com//careers,Careers,True,https://www.freyerinternational.com//careers
https://www.freyerinternational.com/,https://www.freyerinternational.com//contact-us,Contact Us,True,https://www.freyerinternational.com//contact-us
https://www.freyerinternational.com/,https://www.freyerinternational.com//services/air-services,Air Services,True,https://www.freyerinternational.com//services/air-services
https://www.freyerinternational.com/,https://www.freyerinternational.com//services/ocean-services,Ocean Services,True,https://www.freyerinternational.com//services/ocean-services
https://www.freyerinternational.com/,https://www.freyerinternational.com//services/customs-services,Customs Services,True,https://www.freyerinternational.com//services/customs-services
https://www.freyerinternational.com/,https://www.freyerinternational.com//services/warehouse,Warehouse,True,https://www.freyerinternational.com//services/warehouse
https://www.freyerinternational.com/,https://www.freyerinternational.com//services/risk-management,Risk Management,True,https://www.freyerinternational.com//services/risk-management
https://www.freyerinternational.com/,https://www.freyerinternational.com//services/project-cargo,Project Cargo,True,https://www.freyerinternational.com//services/project-cargo
https://www.freyerinternational.com/,https://www.horizonsoftnet.com/,,False,https://www.horizonsoftnet.com/
https://www.freyerinternational.com//,https://www.freyerinternational.com//,,True,https://www.freyerinternational.com//
https://www.freyerinternational.com//,https://www.freyerinternational.com//,Home,True,https://www.freyerinternational.com//
https://www.freyerinternational.com//,https://www.freyerinternational.com//about,About,True,https://www.freyerinternational.com//about
https://www.freyerinternational.com//,https://www.freyerinternational.com//services,Services,True,https://www.freyerinternational.com//services
https://www.freyerinternational.com//,https://www.freyerinternational.com//services/air-services,Air Services,True,https://www.freyerinternational.com//services/air-services
https://www.freyerinternational.com//,https://www.freyerinternational.com//services/ocean-services,Ocean Services,True,https://www.freyerinternational.com//services/ocean-services
https://www.freyerinternational.com//,https://www.freyerinternational.com//services/customs-services,Customs Services,True,https://www.freyerinternational.com//services/customs-services
https://www.freyerinternational.com//,https://www.freyerinternational.com//services/warehouse,Warehouse,True,https://www.freyerinternational.com//services/warehouse
https://www.freyerinternational.com//,https://www.freyerinternational.com//services/risk-management,Risk Management,True,https://www.freyerinternational.com//services/risk-management
https://www.freyerinternational.com//,https://www.freyerinternational.com//services/project-cargo,Project Cargo,True,https://www.freyerinternational.com//services/project-cargo
https://www.freyerinternational.com//,https://www.freyerinternational.com//locations,Locations,True,https://www.freyerinternational.com//locations
https://www.freyerinternational.com//,https://www.freyerinternational.com//awards,Awards,True,https://www.freyerinternational.com//awards
https://www.freyerinternational.com//,https://www.freyerinternational.com//project,Project,True,https://www.freyerinternational.com//project
https://www.freyerinternational.com//,https://www.freyerinternational.com//gallery,Gallery,True,https://www.freyerinternational.com//gallery
https://www.freyerinternational.com//,https://www.freyerinternational.com//corporate-social-responsibility,CSR,True,https://www.freyerinternational.com//corporate-social-responsibility
https://www.freyerinternational.com//,https://www.freyerinternational.com//careers,Careers,True,https://www.freyerinternational.com//careers
https://www.freyerinternational.com//,https://www.freyerinternational.com//network partners,Network Partners,True,https://www.freyerinternational.com//network partners
https://www.freyerinternational.com//,https://www.freyerinternational.com//contact-us,Contact Us,True,https://www.freyerinternational.com//contact-us
https://www.freyerinternational.com//,https://www.freyerinternational.com//about,More Info,True,https://www.freyerinternational.com//about
https://www.freyerinternational.com//,https://www.freyerinternational.com//services/air-services,Air Services,True,https://www.freyerinternational.com//services/air-services
https://www.freyerinternational.com//,https://www.freyerinternational.com//services/ocean-services,Ocean Services,True,https://www.freyerinternational.com//services/ocean-services
https://www.freyerinternational.com//,https://www.freyerinternational.com//services/customs-services,Customs Services,True,https://www.freyerinternational.com//services/customs-services
https://www.freyerinternational.com//,https://www.freyerinternational.com//services/warehouse,Warehouse,True,https://www.freyerinternational.com//services/warehouse
https://www.freyerinternational.com//,https://www.freyerinternational.com//services/risk-management,Risk Management,True,https://www.freyerinternational.com//services/risk-management
https://www.freyerinternational.com//,https://www.freyerinternational.com//services/project-cargo,Project Cargo,True,https://www.freyerinternational.com//services/project-cargo
https://www.freyerinternational.com//,https://www.freyerinternational.com//corporate-social-responsibility,More Info,True,https://www.freyerinternational.com//corporate-social-responsibility
https://www.freyerinternational.com//,https://goo.gl/maps/uSFUvi7BgfK8FaFR7,View Map,False,https://goo.gl/maps/uSFUvi7BgfK8FaFR7
https://www.freyerinternational.com//,https://www.freyerinternational.com//careers,Join Us,True,https://www.freyerinternational.com//careers
https://www.freyerinternational.com//,https://www.freyerinternational.com//,Home,True,https://www.freyerinternational.com//
https://www.freyerinternational.com//,https://www.freyerinternational.com//about,About,True,https://www.freyerinternational.com//about
https://www.freyerinternational.com//,https://www.freyerinternational.com//services,Services,True,https://www.freyerinternational.com//services
https://www.freyerinternational.com//,https://www.freyerinternational.com//locations,Locations,True,https://www.freyerinternational.com//locations
https://www.freyerinternational.com//,https://www.freyerinternational.com//awards,Awards,True,https://www.freyerinternational.com//awards
https://www.freyerinternational.com//,https://www.freyerinternational.com//gallery,Gallery,True,https://www.freyerinternational.com//gallery
https://www.freyerinternational.com//,https://www.freyerinternational.com//corporate-social-responsibility,CSR,True,https://www.freyerinternational.com//corporate-social-responsibility
https://www.freyerinternational.com//,https://www.freyerinternational.com//careers,Careers,True,https://www.freyerinternational.com//careers
https://www.freyerinternational.com//,https://www.freyerinternational.com//contact-us,Contact Us,True,https://www.freyerinternational.com//contact-us
https://www.freyerinternational.com//,https://www.freyerinternational.com//services/air-services,Air Services,True,https://www.freyerinternational.com//services/air-services
https://www.freyerinternational.com//,https://www.freyerinternational.com//services/ocean-services,Ocean Services,True,https://www.freyerinternational.com//services/ocean-services
https://www.freyerinternational.com//,https://www.freyerinternational.com//services/customs-services,Customs Services,True,https://www.freyerinternational.com//services/customs-services
https://www.freyerinternational.com//,https://www.freyerinternational.com//services/warehouse,Warehouse,True,https://www.freyerinternational.com//services/warehouse
https://www.freyerinternational.com//,https://www.freyerinternational.com//services/risk-management,Risk Management,True,https://www.freyerinternational.com//services/risk-management
https://www.freyerinternational.com//,https://www.freyerinternational.com//services/project-cargo,Project Cargo,True,https://www.freyerinternational.com//services/project-cargo
https://www.freyerinternational.com//,https://www.horizonsoftnet.com/,,False,https://www.horizonsoftnet.com/
https://www.freyerinternational.com//about,https://www.freyerinternational.com//,,True,https://www.freyerinternational.com//
https://www.freyerinternational.com//about,https://www.freyerinternational.com//,Home,True,https://www.freyerinternational.com//
https://www.freyerinternational.com//about,https://www.freyerinternational.com//about,About,True,https://www.freyerinternational.com//about
https://www.freyerinternational.com//about,https://www.freyerinternational.com//services,Services,True,https://www.freyerinternational.com//services
https://www.freyerinternational.com//about,https://www.freyerinternational.com//services/air-services,Air Services,True,https://www.freyerinternational.com//services/air-services
https://www.freyerinternational.com//about,https://www.freyerinternational.com//services/ocean-services,Ocean Services,True,https://www.freyerinternational.com//services/ocean-services
https://www.freyerinternational.com//about,https://www.freyerinternational.com//services/customs-services,Customs Services,True,https://www.freyerinternational.com//services/customs-services
https://www.freyerinternational.com//about,https://www.freyerinternational.com//services/warehouse,Warehouse,True,https://www.freyerinternational.com//services/warehouse
https://www.freyerinternational.com//about,https://www.freyerinternational.com//services/risk-management,Risk Management,True,https://www.freyerinternational.com//services/risk-management
https://www.freyerinternational.com//about,https://www.freyerinternational.com//services/project-cargo,Project Cargo,True,https://www.freyerinternational.com//services/project-cargo
https://www.freyerinternational.com//about,https://www.freyerinternational.com//locations,Locations,True,https://www.freyerinternational.com//locations
https://www.freyerinternational.com//about,https://www.freyerinternational.com//awards,Awards,True,https://www.freyerinternational.com//awards
https://www.freyerinternational.com//about,https://www.freyerinternational.com//project,Project,True,https://www.freyerinternational.com//project
https://www.freyerinternational.com//about,https://www.freyerinternational.com//gallery,Gallery,True,https://www.freyerinternational.com//gallery
https://www.freyerinternational.com//about,https://www.freyerinternational.com//corporate-social-responsibility,CSR,True,https://www.freyerinternational.com//corporate-social-responsibility
https://www.freyerinternational.com//about,https://www.freyerinternational.com//careers,Careers,True,https://www.freyerinternational.com//careers
https://www.freyerinternational.com//about,https://www.freyerinternational.com//network partners,Network Partners,True,https://www.freyerinternational.com//network partners
https://www.freyerinternational.com//about,https://www.freyerinternational.com//contact-us,Contact Us,True,https://www.freyerinternational.com//contact-us
https://www.freyerinternational.com//about,https://www.freyerinternational.com//,Home,True,https://www.freyerinternational.com//
https://www.freyerinternational.com//about,https://www.freyerinternational.com//contact-us,Contact us to get started,True,https://www.freyerinternational.com//contact-us
https://www.freyerinternational.com//about,https://www.freyerinternational.com//careers,Join Us,True,https://www.freyerinternational.com//careers
https://www.freyerinternational.com//about,https://www.freyerinternational.com//,Home,True,https://www.freyerinternational.com//
https://www.freyerinternational.com//about,https://www.freyerinternational.com//about,About,True,https://www.freyerinternational.com//about
https://www.freyerinternational.com//about,https://www.freyerinternational.com//services,Services,True,https://www.freyerinternational.com//services
https://www.freyerinternational.com//about,https://www.freyerinternational.com//locations,Locations,True,https://www.freyerinternational.com//locations
https://www.freyerinternational.com//about,https://www.freyerinternational.com//awards,Awards,True,https://www.freyerinternational.com//awards
https://www.freyerinternational.com//about,https://www.freyerinternational.com//gallery,Gallery,True,https://www.freyerinternational.com//gallery
https://www.freyerinternational.com//about,https://www.freyerinternational.com//corporate-social-responsibility,CSR,True,https://www.freyerinternational.com//corporate-social-responsibility
https://www.freyerinternational.com//about,https://www.freyerinternational.com//careers,Careers,True,https://www.freyerinternational.com//careers
https://www.freyerinternational.com//about,https://www.freyerinternational.com//contact-us,Contact Us,True,https://www.freyerinternational.com//contact-us
https://www.freyerinternational.com//about,https://www.freyerinternational.com//services/air-services,Air Services,True,https://www.freyerinternational.com//services/air-services
https://www.freyerinternational.com//about,https://www.freyerinternational.com//services/ocean-services,Ocean Services,True,https://www.freyerinternational.com//services/ocean-services
https://www.freyerinternational.com//about,https://www.freyerinternational.com//services/customs-services,Customs Services,True,https://www.freyerinternational.com//services/customs-services
https://www.freyerinternational.com//about,https://www.freyerinternational.com//services/warehouse,Warehouse,True,https://www.freyerinternational.com//services/warehouse
https://www.freyerinternational.com//about,https://www.freyerinternational.com//services/risk-management,Risk Management,True,https://www.freyerinternational.com//services/risk-management
https://www.freyerinternational.com//about,https://www.freyerinternational.com//services/project-cargo,Project Cargo,True,https://www.freyerinternational.com//services/project-cargo
https://www.freyerinternational.com//about,https://www.horizonsoftnet.com/,,False,https://www.horizonsoftnet.com/
https://www.freyerinternational.com//services,https://www.freyerinternational.com//,,True,https://www.freyerinternational.com//
https://www.freyerinternational.com//services,https://www.freyerinternational.com//,Home,True,https://www.freyerinternational.com//
https://www.freyerinternational.com//services,https://www.freyerinternational.com//about,About,True,https://www.freyerinternational.com//about
https://www.freyerinternational.com//services,https://www.freyerinternational.com//services,Services,True,https://www.freyerinternational.com//services
https://www.freyerinternational.com//services,https://www.freyerinternational.com//services/air-services,Air Services,True,https://www.freyerinternational.com//services/air-services
https://www.freyerinternational.com//services,https://www.freyerinternational.com//services/ocean-services,Ocean Services,True,https://www.freyerinternational.com//services/ocean-services
https://www.freyerinternational.com//services,https://www.freyerinternational.com//services/customs-services,Customs Services,True,https://www.freyerinternational.com//services/customs-services
https://www.freyerinternational.com//services,https://www.freyerinternational.com//services/warehouse,Warehouse,True,https://www.freyerinternational.com//services/warehouse
https://www.freyerinternational.com//services,https://www.freyerinternational.com//services/risk-management,Risk Management,True,https://www.freyerinternational.com//services/risk-management
https://www.freyerinternational.com//services,https://www.freyerinternational.com//services/project-cargo,Project Cargo,True,https://www.freyerinternational.com//services/project-cargo
https://www.freyerinternational.com//services,https://www.freyerinternational.com//locations,Locations,True,https://www.freyerinternational.com//locations
https://www.freyerinternational.com//services,https://www.freyerinternational.com//awards,Awards,True,https://www.freyerinternational.com//awards
https://www.freyerinternational.com//services,https://www.freyerinternational.com//project,Project,True,https://www.freyerinternational.com//project
https://www.freyerinternational.com//services,https://www.freyerinternational.com//gallery,Gallery,True,https://www.freyerinternational.com//gallery
https://www.freyerinternational.com//services,https://www.freyerinternational.com//corporate-social-responsibility,CSR,True,https://www.freyerinternational.com//corporate-social-responsibility
https://www.freyerinternational.com//services,https://www.freyerinternational.com//careers,Careers,True,https://www.freyerinternational.com//careers
https://www.freyerinternational.com//services,https://www.freyerinternational.com//network partners,Network Partners,True,https://www.freyerinternational.com//network partners
https://www.freyerinternational.com//services,https://www.freyerinternational.com//contact-us,Contact Us,True,https://www.freyerinternational.com//contact-us
https://www.freyerinternational.com//services,https://www.freyerinternational.com//,Home,True,https://www.freyerinternational.com//
https://www.freyerinternational.com//services,https://www.freyerinternational.com//services/air-services,Air ServicesView More,True,https://www.freyerinternational.com//services/air-services
https://www.freyerinternational.com//services,https://www.freyerinternational.com//services/ocean-services,Ocean ServicesView More,True,https://www.freyerinternational.com//services/ocean-services
https://www.freyerinternational.com//services,https://www.freyerinternational.com//services/customs-services,Customs ServicesView More,True,https://www.freyerinternational.com//services/customs-services
https://www.freyerinternational.com//services,https://www.freyerinternational.com//services/warehouse,WarehouseView More,True,https://www.freyerinternational.com//services/warehouse
https://www.freyerinternational.com//services,https://www.freyerinternational.com//services/risk-management,Risk ManagementView More,True,https://www.freyerinternational.com//services/risk-management
https://www.freyerinternational.com//services,https://www.freyerinternational.com//services/project-cargo,Project CargoView More,True,https://www.freyerinternational.com//services/project-cargo
https://www.freyerinternational.com//services,https://www.freyerinternational.com//careers,Join Us,True,https://www.freyerinternational.com//careers
https://www.freyerinternational.com//services,https://www.freyerinternational.com//,Home,True,https://www.freyerinternational.com//
https://www.freyerinternational.com//services,https://www.freyerinternational.com//about,About,True,https://www.freyerinternational.com//about
https://www.freyerinternational.com//services,https://www.freyerinternational.com//services,Services,True,https://www.freyerinternational.com//services
https://www.freyerinternational.com//services,https://www.freyerinternational.com//locations,Locations,True,https://www.freyerinternational.com//locations
https://www.freyerinternational.com//services,https://www.freyerinternational.com//awards,Awards,True,https://www.freyerinternational.com//awards
https://www.freyerinternational.com//services,https://www.freyerinternational.com//gallery,Gallery,True,https://www.freyerinternational.com//gallery
https://www.freyerinternational.com//services,https://www.freyerinternational.com//corporate-social-responsibility,CSR,True,https://www.freyerinternational.com//corporate-social-responsibility
https://www.freyerinternational.com//services,https://www.freyerinternational.com//careers,Careers,True,https://www.freyerinternational.com//careers
https://www.freyerinternational.com//services,https://www.freyerinternational.com//contact-us,Contact Us,True,https://www.freyerinternational.com//contact-us
https://www.freyerinternational.com//services,https://www.freyerinternational.com//services/air-services,Air Services,True,https://www.freyerinternational.com//services/air-services
https://www.freyerinternational.com//services,https://www.freyerinternational.com//services/ocean-services,Ocean Services,True,https://www.freyerinternational.com//services/ocean-services
https://www.freyerinternational.com//services,https://www.freyerinternational.com//services/customs-services,Customs Services,True,https://www.freyerinternational.com//services/customs-services
https://www.freyerinternational.com//services,https://www.freyerinternational.com//services/warehouse,Warehouse,True,https://www.freyerinternational.com//services/warehouse
https://www.freyerinternational.com//services,https://www.freyerinternational.com//services/risk-management,Risk Management,True,https://www.freyerinternational.com//services/risk-management
https://www.freyerinternational.com//services,https://www.freyerinternational.com//services/project-cargo,Project Cargo,True,https://www.freyerinternational.com//services/project-cargo
https://www.freyerinternational.com//services,https://www.horizonsoftnet.com/,,False,https://www.horizonsoftnet.com/
https://www.freyerinternational.com//services/air-services,https://www.freyerinternational.com//,,True,https://www.freyerinternational.com//
https://www.freyerinternational.com//services/air-services,https://www.freyerinternational.com//,Home,True,https://www.freyerinternational.com//
https://www.freyerinternational.com//services/air-services,https://www.freyerinternational.com//about,About,True,https://www.freyerinternational.com//about
https://www.freyerinternational.com//services/air-services,https://www.freyerinternational.com//services,Services,True,https://www.freyerinternational.com//services
https://www.freyerinternational.com//services/air-services,https://www.freyerinternational.com//services/air-services,Air Services,True,https://www.freyerinternational.com//services/air-services
https://www.freyerinternational.com//services/air-services,https://www.freyerinternational.com//services/ocean-services,Ocean Services,True,https://www.freyerinternational.com//services/ocean-services
https://www.freyerinternational.com//services/air-services,https://www.freyerinternational.com//services/customs-services,Customs Services,True,https://www.freyerinternational.com//services/customs-services
https://www.freyerinternational.com//services/air-services,https://www.freyerinternational.com//services/warehouse,Warehouse,True,https://www.freyerinternational.com//services/warehouse
https://www.freyerinternational.com//services/air-services,https://www.freyerinternational.com//services/risk-management,Risk Management,True,https://www.freyerinternational.com//services/risk-management
https://www.freyerinternational.com//services/air-services,https://www.freyerinternational.com//services/project-cargo,Project Cargo,True,https://www.freyerinternational.com//services/project-cargo
https://www.freyerinternational.com//services/air-services,https://www.freyerinternational.com//locations,Locations,True,https://www.freyerinternational.com//locations
https://www.freyerinternational.com//services/air-services,https://www.freyerinternational.com//awards,Awards,True,https://www.freyerinternational.com//awards
https://www.freyerinternational.com//services/air-services,https://www.freyerinternational.com//project,Project,True,https://www.freyerinternational.com//project
https://www.freyerinternational.com//services/air-services,https://www.freyerinternational.com//gallery,Gallery,True,https://www.freyerinternational.com//gallery
https://www.freyerinternational.com//services/air-services,https://www.freyerinternational.com//corporate-social-responsibility,CSR,True,https://www.freyerinternational.com//corporate-social-responsibility
https://www.freyerinternational.com//services/air-services,https://www.freyerinternational.com//careers,Careers,True,https://www.freyerinternational.com//careers
https://www.freyerinternational.com//services/air-services,https://www.freyerinternational.com//network partners,Network Partners,True,https://www.freyerinternational.com//network partners
https://www.freyerinternational.com//services/air-services,https://www.freyerinternational.com//contact-us,Contact Us,True,https://www.freyerinternational.com//contact-us
https://www.freyerinternational.com//services/air-services,https://www.freyerinternational.com//,Home,True,https://www.freyerinternational.com//
https://www.freyerinternational.com//services/air-services,https://www.freyerinternational.com//services,Services,True,https://www.freyerinternational.com//services
https://www.freyerinternational.com//services/air-services,https://www.freyerinternational.com//services/air-services,Air Services,True,https://www.freyerinternational.com//services/air-services
https://www.freyerinternational.com//services/air-services,https://www.freyerinternational.com//services/ocean-services,Ocean Services,True,https://www.freyerinternational.com//services/ocean-services
https://www.freyerinternational.com//services/air-services,https://www.freyerinternational.com//services/customs-services,Customs Services,True,https://www.freyerinternational.com//services/customs-services
https://www.freyerinternational.com//services/air-services,https://www.freyerinternational.com//services/warehouse,Warehouse,True,https://www.freyerinternational.com//services/warehouse
https://www.freyerinternational.com//services/air-services,https://www.freyerinternational.com//services/risk-management,Risk Management,True,https://www.freyerinternational.com//services/risk-management
https://www.freyerinternational.com//services/air-services,https://www.freyerinternational.com//services/project-cargo,Project Cargo,True,https://www.freyerinternational.com//services/project-cargo
https://www.freyerinternational.com//services/air-services,https://www.freyerinternational.com//contact-us,Contact Us,True,https://www.freyerinternational.com//contact-us
https://www.freyerinternational.com//services/air-services,https://www.freyerinternational.com//,Home,True,https://www.freyerinternational.com//
https://www.freyerinternational.com//services/air-services,https://www.freyerinternational.com//about,About,True,https://www.freyerinternational.com//about
https://www.freyerinternational.com//services/air-services,https://www.freyerinternational.com//services,Services,True,https://www.freyerinternational.com//services
https://www.freyerinternational.com//services/air-services,https://www.freyerinternational.com//locations,Locations,True,https://www.freyerinternational.com//locations
https://www.freyerinternational.com//services/air-services,https://www.freyerinternational.com//awards,Awards,True,https://www.freyerinternational.com//awards
https://www.freyerinternational.com//services/air-services,https://www.freyerinternational.com//gallery,Gallery,True,https://www.freyerinternational.com//gallery
https://www.freyerinternational.com//services/air-services,https://www.freyerinternational.com//corporate-social-responsibility,CSR,True,https://www.freyerinternational.com//corporate-social-responsibility
https://www.freyerinternational.com//services/air-services,https://www.freyerinternational.com//careers,Careers,True,https://www.freyerinternational.com//careers
https://www.freyerinternational.com//services/air-services,https://www.freyerinternational.com//contact-us,Contact Us,True,https://www.freyerinternational.com//contact-us
https://www.freyerinternational.com//services/air-services,https://www.freyerinternational.com//services/air-services,Air Services,True,https://www.freyerinternational.com//services/air-services
https://www.freyerinternational.com//services/air-services,https://www.freyerinternational.com//services/ocean-services,Ocean Services,True,https://www.freyerinternational.com//services/ocean-services
https://www.freyerinternational.com//services/air-services,https://www.freyerinternational.com//services/customs-services,Customs Services,True,https://www.freyerinternational.com//services/customs-services
https://www.freyerinternational.com//services/air-services,https://www.freyerinternational.com//services/warehouse,Warehouse,True,https://www.freyerinternational.com//services/warehouse
https://www.freyerinternational.com//services/air-services,https://www.freyerinternational.com//services/risk-management,Risk Management,True,https://www.freyerinternational.com//services/risk-management
https://www.freyerinternational.com//services/air-services,https://www.freyerinternational.com//services/project-cargo,Project Cargo,True,https://www.freyerinternational.com//services/project-cargo
https://www.freyerinternational.com//services/air-services,https://www.horizonsoftnet.com/,,False,https://www.horizonsoftnet.com/
https://www.freyerinternational.com//services/ocean-services,https://www.freyerinternational.com//,,True,https://www.freyerinternational.com//
https://www.freyerinternational.com//services/ocean-services,https://www.freyerinternational.com//,Home,True,https://www.freyerinternational.com//
https://www.freyerinternational.com//services/ocean-services,https://www.freyerinternational.com//about,About,True,https://www.freyerinternational.com//about
https://www.freyerinternational.com//services/ocean-services,https://www.freyerinternational.com//services,Services,True,https://www.freyerinternational.com//services
https://www.freyerinternational.com//services/ocean-services,https://www.freyerinternational.com//services/air-services,Air Services,True,https://www.freyerinternational.com//services/air-services
https://www.freyerinternational.com//services/ocean-services,https://www.freyerinternational.com//services/ocean-services,Ocean Services,True,https://www.freyerinternational.com//services/ocean-services
https://www.freyerinternational.com//services/ocean-services,https://www.freyerinternational.com//services/customs-services,Customs Services,True,https://www.freyerinternational.com//services/customs-services
https://www.freyerinternational.com//services/ocean-services,https://www.freyerinternational.com//services/warehouse,Warehouse,True,https://www.freyerinternational.com//services/warehouse
https://www.freyerinternational.com//services/ocean-services,https://www.freyerinternational.com//services/risk-management,Risk Management,True,https://www.freyerinternational.com//services/risk-management
https://www.freyerinternational.com//services/ocean-services,https://www.freyerinternational.com//services/project-cargo,Project Cargo,True,https://www.freyerinternational.com//services/project-cargo
https://www.freyerinternational.com//services/ocean-services,https://www.freyerinternational.com//locations,Locations,True,https://www.freyerinternational.com//locations
https://www.freyerinternational.com//services/ocean-services,https://www.freyerinternational.com//awards,Awards,True,https://www.freyerinternational.com//awards
https://www.freyerinternational.com//services/ocean-services,https://www.freyerinternational.com//project,Project,True,https://www.freyerinternational.com//project
https://www.freyerinternational.com//services/ocean-services,https://www.freyerinternational.com//gallery,Gallery,True,https://www.freyerinternational.com//gallery
https://www.freyerinternational.com//services/ocean-services,https://www.freyerinternational.com//corporate-social-responsibility,CSR,True,https://www.freyerinternational.com//corporate-social-responsibility
https://www.freyerinternational.com//services/ocean-services,https://www.freyerinternational.com//careers,Careers,True,https://www.freyerinternational.com//careers
https://www.freyerinternational.com//services/ocean-services,https://www.freyerinternational.com//network partners,Network Partners,True,https://www.freyerinternational.com//network partners
https://www.freyerinternational.com//services/ocean-services,https://www.freyerinternational.com//contact-us,Contact Us,True,https://www.freyerinternational.com//contact-us
https://www.freyerinternational.com//services/ocean-services,https://www.freyerinternational.com//,Home,True,https://www.freyerinternational.com//
https://www.freyerinternational.com//services/ocean-services,https://www.freyerinternational.com//services,Services,True,https://www.freyerinternational.com//services
https://www.freyerinternational.com//services/ocean-services,https://www.freyerinternational.com//services/air-services,Air Services,True,https://www.freyerinternational.com//services/air-services
https://www.freyerinternational.com//services/ocean-services,https://www.freyerinternational.com//services/ocean-services,Ocean Services,True,https://www.freyerinternational.com//services/ocean-services
https://www.freyerinternational.com//services/ocean-services,https://www.freyerinternational.com//services/customs-services,Customs Services,True,https://www.freyerinternational.com//services/customs-services
https://www.freyerinternational.com//services/ocean-services,https://www.freyerinternational.com//services/warehouse,Warehouse,True,https://www.freyerinternational.com//services/warehouse
https://www.freyerinternational.com//services/ocean-services,https://www.freyerinternational.com//services/risk-management,Risk Management,True,https://www.freyerinternational.com//services/risk-management
https://www.freyerinternational.com//services/ocean-services,https://www.freyerinternational.com//services/project-cargo,Project Cargo,True,https://www.freyerinternational.com//services/project-cargo
https://www.freyerinternational.com//services/ocean-services,https://www.freyerinternational.com//contact-us,Contact Us,True,https://www.freyerinternational.com//contact-us
https://www.freyerinternational.com//services/ocean-services,https://www.freyerinternational.com//,Home,True,https://www.freyerinternational.com//
https://www.freyerinternational.com//services/ocean-services,https://www.freyerinternational.com//about,About,True,https://www.freyerinternational.com//about
https://www.freyerinternational.com//services/ocean-services,https://www.freyerinternational.com//services,Services,True,https://www.freyerinternational.com//services
https://www.freyerinternational.com//services/ocean-services,https://www.freyerinternational.com//locations,Locations,True,https://www.freyerinternational.com//locations
https://www.freyerinternational.com//services/ocean-services,https://www.freyerinternational.com//awards,Awards,True,https://www.freyerinternational.com//awards
https://www.freyerinternational.com//services/ocean-services,https://www.freyerinternational.com//gallery,Gallery,True,https://www.freyerinternational.com//gallery
https://www.freyerinternational.com//services/ocean-services,https://www.freyerinternational.com//corporate-social-responsibility,CSR,True,https://www.freyerinternational.com//corporate-social-responsibility
https://www.freyerinternational.com//services/ocean-services,https://www.freyerinternational.com//careers,Careers,True,https://www.freyerinternational.com//careers
https://www.freyerinternational.com//services/ocean-services,https://www.freyerinternational.com//contact-us,Contact Us,True,https://www.freyerinternational.com//contact-us
https://www.freyerinternational.com//services/ocean-services,https://www.freyerinternational.com//services/air-services,Air Services,True,https://www.freyerinternational.com//services/air-services
https://www.freyerinternational.com//services/ocean-services,https://www.freyerinternational.com//services/ocean-services,Ocean Services,True,https://www.freyerinternational.com//services/ocean-services
https://www.freyerinternational.com//services/ocean-services,https://www.freyerinternational.com//services/customs-services,Customs Services,True,https://www.freyerinternational.com//services/customs-services
https://www.freyerinternational.com//services/ocean-services,https://www.freyerinternational.com//services/warehouse,Warehouse,True,https://www.freyerinternational.com//services/warehouse
https://www.freyerinternational.com//services/ocean-services,https://www.freyerinternational.com//services/risk-management,Risk Management,True,https://www.freyerinternational.com//services/risk-management
https://www.freyerinternational.com//services/ocean-services,https://www.freyerinternational.com//services/project-cargo,Project Cargo,True,https://www.freyerinternational.com//services/project-cargo
https://www.freyerinternational.com//services/ocean-services,https://www.horizonsoftnet.com/,,False,https://www.horizonsoftnet.com/
https://www.freyerinternational.com//services/customs-services,https://www.freyerinternational.com//,,True,https://www.freyerinternational.com//
https://www.freyerinternational.com//services/customs-services,https://www.freyerinternational.com//,Home,True,https://www.freyerinternational.com//
https://www.freyerinternational.com//services/customs-services,https://www.freyerinternational.com//about,About,True,https://www.freyerinternational.com//about
https://www.freyerinternational.com//services/customs-services,https://www.freyerinternational.com//services,Services,True,https://www.freyerinternational.com//services
https://www.freyerinternational.com//services/customs-services,https://www.freyerinternational.com//services/air-services,Air Services,True,https://www.freyerinternational.com//services/air-services
https://www.freyerinternational.com//services/customs-services,https://www.freyerinternational.com//services/ocean-services,Ocean Services,True,https://www.freyerinternational.com//services/ocean-services
https://www.freyerinternational.com//services/customs-services,https://www.freyerinternational.com//services/customs-services,Customs Services,True,https://www.freyerinternational.com//services/customs-services
https://www.freyerinternational.com//services/customs-services,https://www.freyerinternational.com//services/warehouse,Warehouse,True,https://www.freyerinternational.com//services/warehouse
https://www.freyerinternational.com//services/customs-services,https://www.freyerinternational.com//services/risk-management,Risk Management,True,https://www.freyerinternational.com//services/risk-management
https://www.freyerinternational.com//services/customs-services,https://www.freyerinternational.com//services/project-cargo,Project Cargo,True,https://www.freyerinternational.com//services/project-cargo
https://www.freyerinternational.com//services/customs-services,https://www.freyerinternational.com//locations,Locations,True,https://www.freyerinternational.com//locations
https://www.freyerinternational.com//services/customs-services,https://www.freyerinternational.com//awards,Awards,True,https://www.freyerinternational.com//awards
https://www.freyerinternational.com//services/customs-services,https://www.freyerinternational.com//project,Project,True,https://www.freyerinternational.com//project
https://www.freyerinternational.com//services/customs-services,https://www.freyerinternational.com//gallery,Gallery,True,https://www.freyerinternational.com//gallery
https://www.freyerinternational.com//services/customs-services,https://www.freyerinternational.com//corporate-social-responsibility,CSR,True,https://www.freyerinternational.com//corporate-social-responsibility
https://www.freyerinternational.com//services/customs-services,https://www.freyerinternational.com//careers,Careers,True,https://www.freyerinternational.com//careers
https://www.freyerinternational.com//services/customs-services,https://www.freyerinternational.com//network partners,Network Partners,True,https://www.freyerinternational.com//network partners
https://www.freyerinternational.com//services/customs-services,https://www.freyerinternational.com//contact-us,Contact Us,True,https://www.freyerinternational.com//contact-us
https://www.freyerinternational.com//services/customs-services,https://www.freyerinternational.com//,Home,True,https://www.freyerinternational.com//
https://www.freyerinternational.com//services/customs-services,https://www.freyerinternational.com//services,Services,True,https://www.freyerinternational.com//services
https://www.freyerinternational.com//services/customs-services,https://www.freyerinternational.com//services/air-services,Air Services,True,https://www.freyerinternational.com//services/air-services
https://www.freyerinternational.com//services/customs-services,https://www.freyerinternational.com//services/ocean-services,Ocean Services,True,https://www.freyerinternational.com//services/ocean-services
https://www.freyerinternational.com//services/customs-services,https://www.freyerinternational.com//services/customs-services,Customs Services,True,https://www.freyerinternational.com//services/customs-services
https://www.freyerinternational.com//services/customs-services,https://www.freyerinternational.com//services/warehouse,Warehouse,True,https://www.freyerinternational.com//services/warehouse
https://www.freyerinternational.com//services/customs-services,https://www.freyerinternational.com//services/risk-management,Risk Management,True,https://www.freyerinternational.com//services/risk-management
https://www.freyerinternational.com//services/customs-services,https://www.freyerinternational.com//services/project-cargo,Project Cargo,True,https://www.freyerinternational.com//services/project-cargo
https://www.freyerinternational.com//services/customs-services,https://www.freyerinternational.com//contact-us,Contact Us,True,https://www.freyerinternational.com//contact-us
https://www.freyerinternational.com//services/customs-services,https://www.freyerinternational.com//,Home,True,https://www.freyerinternational.com//
https://www.freyerinternational.com//services/customs-services,https://www.freyerinternational.com//about,About,True,https://www.freyerinternational.com//about
https://www.freyerinternational.com//services/customs-services,https://www.freyerinternational.com//services,Services,True,https://www.freyerinternational.com//services
https://www.freyerinternational.com//services/customs-services,https://www.freyerinternational.com//locations,Locations,True,https://www.freyerinternational.com//locations
https://www.freyerinternational.com//services/customs-services,https://www.freyerinternational.com//awards,Awards,True,https://www.freyerinternational.com//awards
https://www.freyerinternational.com//services/customs-services,https://www.freyerinternational.com//gallery,Gallery,True,https://www.freyerinternational.com//gallery
https://www.freyerinternational.com//services/customs-services,https://www.freyerinternational.com//corporate-social-responsibility,CSR,True,https://www.freyerinternational.com//corporate-social-responsibility
https://www.freyerinternational.com//services/customs-services,https://www.freyerinternational.com//careers,Careers,True,https://www.freyerinternational.com//careers
https://www.freyerinternational.com//services/customs-services,https://www.freyerinternational.com//contact-us,Contact Us,True,https://www.freyerinternational.com//contact-us
https://www.freyerinternational.com//services/customs-services,https://www.freyerinternational.com//services/air-services,Air Services,True,https://www.freyerinternational.com//services/air-services
https://www.freyerinternational.com//services/customs-services,https://www.freyerinternational.com//services/ocean-services,Ocean Services,True,https://www.freyerinternational.com//services/ocean-services
https://www.freyerinternational.com//services/customs-services,https://www.freyerinternational.com//services/customs-services,Customs Services,True,https://www.freyerinternational.com//services/customs-services
https://www.freyerinternational.com//services/customs-services,https://www.freyerinternational.com//services/warehouse,Warehouse,True,https://www.freyerinternational.com//services/warehouse
https://www.freyerinternational.com//services/customs-services,https://www.freyerinternational.com//services/risk-management,Risk Management,True,https://www.freyerinternational.com//services/risk-management
https://www.freyerinternational.com//services/customs-services,https://www.freyerinternational.com//services/project-cargo,Project Cargo,True,https://www.freyerinternational.com//services/project-cargo
https://www.freyerinternational.com//services/customs-services,https://www.horizonsoftnet.com/,,False,https://www.horizonsoftnet.com/
https://www.freyerinternational.com//services/warehouse,https://www.freyerinternational.com//,,True,https://www.freyerinternational.com//
https://www.freyerinternational.com//services/warehouse,https://www.freyerinternational.com//,Home,True,https://www.freyerinternational.com//
https://www.freyerinternational.com//services/warehouse,https://www.freyerinternational.com//about,About,True,https://www.freyerinternational.com//about
https://www.freyerinternational.com//services/warehouse,https://www.freyerinternational.com//services,Services,True,https://www.freyerinternational.com//services
https://www.freyerinternational.com//services/warehouse,https://www.freyerinternational.com//services/air-services,Air Services,True,https://www.freyerinternational.com//services/air-services
https://www.freyerinternational.com//services/warehouse,https://www.freyerinternational.com//services/ocean-services,Ocean Services,True,https://www.freyerinternational.com//services/ocean-services
https://www.freyerinternational.com//services/warehouse,https://www.freyerinternational.com//services/customs-services,Customs Services,True,https://www.freyerinternational.com//services/customs-services
https://www.freyerinternational.com//services/warehouse,https://www.freyerinternational.com//services/warehouse,Warehouse,True,https://www.freyerinternational.com//services/warehouse
https://www.freyerinternational.com//services/warehouse,https://www.freyerinternational.com//services/risk-management,Risk Management,True,https://www.freyerinternational.com//services/risk-management
https://www.freyerinternational.com//services/warehouse,https://www.freyerinternational.com//services/project-cargo,Project Cargo,True,https://www.freyerinternational.com//services/project-cargo
https://www.freyerinternational.com//services/warehouse,https://www.freyerinternational.com//locations,Locations,True,https://www.freyerinternational.com//locations
https://www.freyerinternational.com//services/warehouse,https://www.freyerinternational.com//awards,Awards,True,https://www.freyerinternational.com//awards
https://www.freyerinternational.com//services/warehouse,https://www.freyerinternational.com//project,Project,True,https://www.freyerinternational.com//project
https://www.freyerinternational.com//services/warehouse,https://www.freyerinternational.com//gallery,Gallery,True,https://www.freyerinternational.com//gallery
https://www.freyerinternational.com//services/warehouse,https://www.freyerinternational.com//corporate-social-responsibility,CSR,True,https://www.freyerinternational.com//corporate-social-responsibility
https://www.freyerinternational.com//services/warehouse,https://www.freyerinternational.com//careers,Careers,True,https://www.freyerinternational.com//careers
https://www.freyerinternational.com//services/warehouse,https://www.freyerinternational.com//network partners,Network Partners,True,https://www.freyerinternational.com//network partners
https://www.freyerinternational.com//services/warehouse,https://www.freyerinternational.com//contact-us,Contact Us,True,https://www.freyerinternational.com//contact-us
https://www.freyerinternational.com//services/warehouse,https://www.freyerinternational.com//,Home,True,https://www.freyerinternational.com//
https://www.freyerinternational.com//services/warehouse,https://www.freyerinternational.com//services,Services,True,https://www.freyerinternational.com//services
https://www.freyerinternational.com//services/warehouse,https://www.freyerinternational.com//services/air-services,Air Services,True,https://www.freyerinternational.com//services/air-services
https://www.freyerinternational.com//services/warehouse,https://www.freyerinternational.com//services/ocean-services,Ocean Services,True,https://www.freyerinternational.com//services/ocean-services
https://www.freyerinternational.com//services/warehouse,https://www.freyerinternational.com//services/customs-services,Customs Services,True,https://www.freyerinternational.com//services/customs-services
https://www.freyerinternational.com//services/warehouse,https://www.freyerinternational.com//services/warehouse,Warehouse,True,https://www.freyerinternational.com//services/warehouse
https://www.freyerinternational.com//services/warehouse,https://www.freyerinternational.com//services/risk-management,Risk Management,True,https://www.freyerinternational.com//services/risk-management
https://www.freyerinternational.com//services/warehouse,https://www.freyerinternational.com//services/project-cargo,Project Cargo,True,https://www.freyerinternational.com//services/project-cargo
https://www.freyerinternational.com//services/warehouse,https://www.freyerinternational.com//contact-us,Contact Us,True,https://www.freyerinternational.com//contact-us
https://www.freyerinternational.com//services/warehouse,https://www.freyerinternational.com//,Home,True,https://www.freyerinternational.com//
https://www.freyerinternational.com//services/warehouse,https://www.freyerinternational.com//about,About,True,https://www.freyerinternational.com//about
https://www.freyerinternational.com//services/warehouse,https://www.freyerinternational.com//services,Services,True,https://www.freyerinternational.com//services
https://www.freyerinternational.com//services/warehouse,https://www.freyerinternational.com//locations,Locations,True,https://www.freyerinternational.com//locations
https://www.freyerinternational.com//services/warehouse,https://www.freyerinternational.com//awards,Awards,True,https://www.freyerinternational.com//awards
https://www.freyerinternational.com//services/warehouse,https://www.freyerinternational.com//gallery,Gallery,True,https://www.freyerinternational.com//gallery
https://www.freyerinternational.com//services/warehouse,https://www.freyerinternational.com//corporate-social-responsibility,CSR,True,https://www.freyerinternational.com//corporate-social-responsibility
https://www.freyerinternational.com//services/warehouse,https://www.freyerinternational.com//careers,Careers,True,https://www.freyerinternational.com//careers
https://www.freyerinternational.com//services/warehouse,https://www.freyerinternational.com//contact-us,Contact Us,True,https://www.freyerinternational.com//contact-us
https://www.freyerinternational.com//services/warehouse,https://www.freyerinternational.com//services/air-services,Air Services,True,https://www.freyerinternational.com//services/air-services
https://www.freyerinternational.com//services/warehouse,https://www.freyerinternational.com//services/ocean-services,Ocean Services,True,https://www.freyerinternational.com//services/ocean-services
https://www.freyerinternational.com//services/warehouse,https://www.freyerinternational.com//services/customs-services,Customs Services,True,https://www.freyerinternational.com//services/customs-services
https://www.freyerinternational.com//services/warehouse,https://www.freyerinternational.com//services/warehouse,Warehouse,True,https://www.freyerinternational.com//services/warehouse
https://www.freyerinternational.com//services/warehouse,https://www.freyerinternational.com//services/risk-management,Risk Management,True,https://www.freyerinternational.com//services/risk-management
https://www.freyerinternational.com//services/warehouse,https://www.freyerinternational.com//services/project-cargo,Project Cargo,True,https://www.freyerinternational.com//services/project-cargo
https://www.freyerinternational.com//services/warehouse,https://www.horizonsoftnet.com/,,False,https://www.horizonsoftnet.com/
https://www.freyerinternational.com//services/risk-management,https://www.freyerinternational.com//,,True,https://www.freyerinternational.com//
https://www.freyerinternational.com//services/risk-management,https://www.freyerinternational.com//,Home,True,https://www.freyerinternational.com//
https://www.freyerinternational.com//services/risk-management,https://www.freyerinternational.com//about,About,True,https://www.freyerinternational.com//about
https://www.freyerinternational.com//services/risk-management,https://www.freyerinternational.com//services,Services,True,https://www.freyerinternational.com//services
https://www.freyerinternational.com//services/risk-management,https://www.freyerinternational.com//services/air-services,Air Services,True,https://www.freyerinternational.com//services/air-services
https://www.freyerinternational.com//services/risk-management,https://www.freyerinternational.com//services/ocean-services,Ocean Services,True,https://www.freyerinternational.com//services/ocean-services
https://www.freyerinternational.com//services/risk-management,https://www.freyerinternational.com//services/customs-services,Customs Services,True,https://www.freyerinternational.com//services/customs-services
https://www.freyerinternational.com//services/risk-management,https://www.freyerinternational.com//services/warehouse,Warehouse,True,https://www.freyerinternational.com//services/warehouse
https://www.freyerinternational.com//services/risk-management,https://www.freyerinternational.com//services/risk-management,Risk Management,True,https://www.freyerinternational.com//services/risk-management
https://www.freyerinternational.com//services/risk-management,https://www.freyerinternational.com//services/project-cargo,Project Cargo,True,https://www.freyerinternational.com//services/project-cargo
https://www.freyerinternational.com//services/risk-management,https://www.freyerinternational.com//locations,Locations,True,https://www.freyerinternational.com//locations
https://www.freyerinternational.com//services/risk-management,https://www.freyerinternational.com//awards,Awards,True,https://www.freyerinternational.com//awards
https://www.freyerinternational.com//services/risk-management,https://www.freyerinternational.com//project,Project,True,https://www.freyerinternational.com//project
https://www.freyerinternational.com//services/risk-management,https://www.freyerinternational.com//gallery,Gallery,True,https://www.freyerinternational.com//gallery
https://www.freyerinternational.com//services/risk-management,https://www.freyerinternational.com//corporate-social-responsibility,CSR,True,https://www.freyerinternational.com//corporate-social-responsibility
https://www.freyerinternational.com//services/risk-management,https://www.freyerinternational.com//careers,Careers,True,https://www.freyerinternational.com//careers
https://www.freyerinternational.com//services/risk-management,https://www.freyerinternational.com//network partners,Network Partners,True,https://www.freyerinternational.com//network partners
https://www.freyerinternational.com//services/risk-management,https://www.freyerinternational.com//contact-us,Contact Us,True,https://www.freyerinternational.com//contact-us
https://www.freyerinternational.com//services/risk-management,https://www.freyerinternational.com//,Home,True,https://www.freyerinternational.com//
https://www.freyerinternational.com//services/risk-management,https://www.freyerinternational.com//services,Services,True,https://www.freyerinternational.com//services
https://www.freyerinternational.com//services/risk-management,https://www.freyerinternational.com//services/air-services,Air Services,True,https://www.freyerinternational.com//services/air-services
https://www.freyerinternational.com//services/risk-management,https://www.freyerinternational.com//services/ocean-services,Ocean Services,True,https://www.freyerinternational.com//services/ocean-services
https://www.freyerinternational.com//services/risk-management,https://www.freyerinternational.com//services/customs-services,Customs Services,True,https://www.freyerinternational.com//services/customs-services
https://www.freyerinternational.com//services/risk-management,https://www.freyerinternational.com//services/warehouse,Warehouse,True,https://www.freyerinternational.com//services/warehouse
https://www.freyerinternational.com//services/risk-management,https://www.freyerinternational.com//services/risk-management,Risk Management,True,https://www.freyerinternational.com//services/risk-management
https://www.freyerinternational.com//services/risk-management,https://www.freyerinternational.com//services/project-cargo,Project Cargo,True,https://www.freyerinternational.com//services/project-cargo
https://www.freyerinternational.com//services/risk-management,https://www.freyerinternational.com//contact-us,Contact Us,True,https://www.freyerinternational.com//contact-us
https://www.freyerinternational.com//services/risk-management,https://www.freyerinternational.com//,Home,True,https://www.freyerinternational.com//
https://www.freyerinternational.com//services/risk-management,https://www.freyerinternational.com//about,About,True,https://www.freyerinternational.com//about
https://www.freyerinternational.com//services/risk-management,https://www.freyerinternational.com//services,Services,True,https://www.freyerinternational.com//services
https://www.freyerinternational.com//services/risk-management,https://www.freyerinternational.com//locations,Locations,True,https://www.freyerinternational.com//locations
https://www.freyerinternational.com//services/risk-management,https://www.freyerinternational.com//awards,Awards,True,https://www.freyerinternational.com//awards
https://www.freyerinternational.com//services/risk-management,https://www.freyerinternational.com//gallery,Gallery,True,https://www.freyerinternational.com//gallery
https://www.freyerinternational.com//services/risk-management,https://www.freyerinternational.com//corporate-social-responsibility,CSR,True,https://www.freyerinternational.com//corporate-social-responsibility
https://www.freyerinternational.com//services/risk-management,https://www.freyerinternational.com//careers,Careers,True,https://www.freyerinternational.com//careers
https://www.freyerinternational.com//services/risk-management,https://www.freyerinternational.com//contact-us,Contact Us,True,https://www.freyerinternational.com//contact-us
https://www.freyerinternational.com//services/risk-management,https://www.freyerinternational.com//services/air-services,Air Services,True,https://www.freyerinternational.com//services/air-services
https://www.freyerinternational.com//services/risk-management,https://www.freyerinternational.com//services/ocean-services,Ocean Services,True,https://www.freyerinternational.com//services/ocean-services
https://www.freyerinternational.com//services/risk-management,https://www.freyerinternational.com//services/customs-services,Customs Services,True,https://www.freyerinternational.com//services/customs-services
https://www.freyerinternational.com//services/risk-management,https://www.freyerinternational.com//services/warehouse,Warehouse,True,https://www.freyerinternational.com//services/warehouse
https://www.freyerinternational.com//services/risk-management,https://www.freyerinternational.com//services/risk-management,Risk Management,True,https://www.freyerinternational.com//services/risk-management
https://www.freyerinternational.com//services/risk-management,https://www.freyerinternational.com//services/project-cargo,Project Cargo,True,https://www.freyerinternational.com//services/project-cargo
https://www.freyerinternational.com//services/risk-management,https://www.horizonsoftnet.com/,,False,https://www.horizonsoftnet.com/
https://www.freyerinternational.com//services/project-cargo,https://www.freyerinternational.com//,,True,https://www.freyerinternational.com//
https://www.freyerinternational.com//services/project-cargo,https://www.freyerinternational.com//,Home,True,https://www.freyerinternational.com//
https://www.freyerinternational.com//services/project-cargo,https://www.freyerinternational.com//about,About,True,https://www.freyerinternational.com//about
https://www.freyerinternational.com//services/project-cargo,https://www.freyerinternational.com//services,Services,True,https://www.freyerinternational.com//services
https://www.freyerinternational.com//services/project-cargo,https://www.freyerinternational.com//services/air-services,Air Services,True,https://www.freyerinternational.com//services/air-services
https://www.freyerinternational.com//services/project-cargo,https://www.freyerinternational.com//services/ocean-services,Ocean Services,True,https://www.freyerinternational.com//services/ocean-services
https://www.freyerinternational.com//services/project-cargo,https://www.freyerinternational.com//services/customs-services,Customs Services,True,https://www.freyerinternational.com//services/customs-services
https://www.freyerinternational.com//services/project-cargo,https://www.freyerinternational.com//services/warehouse,Warehouse,True,https://www.freyerinternational.com//services/warehouse
https://www.freyerinternational.com//services/project-cargo,https://www.freyerinternational.com//services/risk-management,Risk Management,True,https://www.freyerinternational.com//services/risk-management
https://www.freyerinternational.com//services/project-cargo,https://www.freyerinternational.com//services/project-cargo,Project Cargo,True,https://www.freyerinternational.com//services/project-cargo
https://www.freyerinternational.com//services/project-cargo,https://www.freyerinternational.com//locations,Locations,True,https://www.freyerinternational.com//locations
https://www.freyerinternational.com//services/project-cargo,https://www.freyerinternational.com//awards,Awards,True,https://www.freyerinternational.com//awards
https://www.freyerinternational.com//services/project-cargo,https://www.freyerinternational.com//project,Project,True,https://www.freyerinternational.com//project
https://www.freyerinternational.com//services/project-cargo,https://www.freyerinternational.com//gallery,Gallery,True,https://www.freyerinternational.com//gallery
https://www.freyerinternational.com//services/project-cargo,https://www.freyerinternational.com//corporate-social-responsibility,CSR,True,https://www.freyerinternational.com//corporate-social-responsibility
https://www.freyerinternational.com//services/project-cargo,https://www.freyerinternational.com//careers,Careers,True,https://www.freyerinternational.com//careers
https://www.freyerinternational.com//services/project-cargo,https://www.freyerinternational.com//network partners,Network Partners,True,https://www.freyerinternational.com//network partners
https://www.freyerinternational.com//services/project-cargo,https://www.freyerinternational.com//contact-us,Contact Us,True,https://www.freyerinternational.com//contact-us
https://www.freyerinternational.com//services/project-cargo,https://www.freyerinternational.com//,Home,True,https://www.freyerinternational.com//
https://www.freyerinternational.com//services/project-cargo,https://www.freyerinternational.com//services,Services,True,https://www.freyerinternational.com//services
https://www.freyerinternational.com//services/project-cargo,https://www.freyerinternational.com//services/air-services,Air Services,True,https://www.freyerinternational.com//services/air-services
https://www.freyerinternational.com//services/project-cargo,https://www.freyerinternational.com//services/ocean-services,Ocean Services,True,https://www.freyerinternational.com//services/ocean-services
https://www.freyerinternational.com//services/project-cargo,https://www.freyerinternational.com//services/customs-services,Customs Services,True,https://www.freyerinternational.com//services/customs-services
https://www.freyerinternational.com//services/project-cargo,https://www.freyerinternational.com//services/warehouse,Warehouse,True,https://www.freyerinternational.com//services/warehouse
https://www.freyerinternational.com//services/project-cargo,https://www.freyerinternational.com//services/risk-management,Risk Management,True,https://www.freyerinternational.com//services/risk-management
https://www.freyerinternational.com//services/project-cargo,https://www.freyerinternational.com//services/project-cargo,Project Cargo,True,https://www.freyerinternational.com//services/project-cargo
https://www.freyerinternational.com//services/project-cargo,https://www.freyerinternational.com//contact-us,Contact Us,True,https://www.freyerinternational.com//contact-us
https://www.freyerinternational.com//services/project-cargo,https://www.freyerinternational.com//,Home,True,https://www.freyerinternational.com//
https://www.freyerinternational.com//services/project-cargo,https://www.freyerinternational.com//about,About,True,https://www.freyerinternational.com//about
https://www.freyerinternational.com//services/project-cargo,https://www.freyerinternational.com//services,Services,True,https://www.freyerinternational.com//services
https://www.freyerinternational.com//services/project-cargo,https://www.freyerinternational.com//locations,Locations,True,https://www.freyerinternational.com//locations
https://www.freyerinternational.com//services/project-cargo,https://www.freyerinternational.com//awards,Awards,True,https://www.freyerinternational.com//awards
https://www.freyerinternational.com//services/project-cargo,https://www.freyerinternational.com//gallery,Gallery,True,https://www.freyerinternational.com//gallery
https://www.freyerinternational.com//services/project-cargo,https://www.freyerinternational.com//corporate-social-responsibility,CSR,True,https://www.freyerinternational.com//corporate-social-responsibility
https://www.freyerinternational.com//services/project-cargo,https://www.freyerinternational.com//careers,Careers,True,https://www.freyerinternational.com//careers
https://www.freyerinternational.com//services/project-cargo,https://www.freyerinternational.com//contact-us,Contact Us,True,https://www.freyerinternational.com//contact-us
https://www.freyerinternational.com//services/project-cargo,https://www.freyerinternational.com//services/air-services,Air Services,True,https://www.freyerinternational.com//services/air-services
https://www.freyerinternational.com//services/project-cargo,https://www.freyerinternational.com//services/ocean-services,Ocean Services,True,https://www.freyerinternational.com//services/ocean-services
https://www.freyerinternational.com//services/project-cargo,https://www.freyerinternational.com//services/customs-services,Customs Services,True,https://www.freyerinternational.com//services/customs-services
https://www.freyerinternational.com//services/project-cargo,https://www.freyerinternational.com//services/warehouse,Warehouse,True,https://www.freyerinternational.com//services/warehouse
https://www.freyerinternational.com//services/project-cargo,https://www.freyerinternational.com//services/risk-management,Risk Management,True,https://www.freyerinternational.com//services/risk-management
https://www.freyerinternational.com//services/project-cargo,https://www.freyerinternational.com//services/project-cargo,Project Cargo,True,https://www.freyerinternational.com//services/project-cargo
https://www.freyerinternational.com//services/project-cargo,https://www.horizonsoftnet.com/,,False,https://www.horizonsoftnet.com/
https://www.freyerinternational.com//locations,https://www.freyerinternational.com//,,True,https://www.freyerinternational.com//
https://www.freyerinternational.com//locations,https://www.freyerinternational.com//,Home,True,https://www.freyerinternational.com//
https://www.freyerinternational.com//locations,https://www.freyerinternational.com//about,About,True,https://www.freyerinternational.com//about
https://www.freyerinternational.com//locations,https://www.freyerinternational.com//services,Services,True,https://www.freyerinternational.com//services
https://www.freyerinternational.com//locations,https://www.freyerinternational.com//services/air-services,Air Services,True,https://www.freyerinternational.com//services/air-services
https://www.freyerinternational.com//locations,https://www.freyerinternational.com//services/ocean-services,Ocean Services,True,https://www.freyerinternational.com//services/ocean-services
https://www.freyerinternational.com//locations,https://www.freyerinternational.com//services/customs-services,Customs Services,True,https://www.freyerinternational.com//services/customs-services
https://www.freyerinternational.com//locations,https://www.freyerinternational.com//services/warehouse,Warehouse,True,https://www.freyerinternational.com//services/warehouse
https://www.freyerinternational.com//locations,https://www.freyerinternational.com//services/risk-management,Risk Management,True,https://www.freyerinternational.com//services/risk-management
https://www.freyerinternational.com//locations,https://www.freyerinternational.com//services/project-cargo,Project Cargo,True,https://www.freyerinternational.com//services/project-cargo
https://www.freyerinternational.com//locations,https://www.freyerinternational.com//locations,Locations,True,https://www.freyerinternational.com//locations
https://www.freyerinternational.com//locations,https://www.freyerinternational.com//awards,Awards,True,https://www.freyerinternational.com//awards
https://www.freyerinternational.com//locations,https://www.freyerinternational.com//project,Project,True,https://www.freyerinternational.com//project
https://www.freyerinternational.com//locations,https://www.freyerinternational.com//gallery,Gallery,True,https://www.freyerinternational.com//gallery
https://www.freyerinternational.com//locations,https://www.freyerinternational.com//corporate-social-responsibility,CSR,True,https://www.freyerinternational.com//corporate-social-responsibility
https://www.freyerinternational.com//locations,https://www.freyerinternational.com//careers,Careers,True,https://www.freyerinternational.com//careers
https://www.freyerinternational.com//locations,https://www.freyerinternational.com//network partners,Network Partners,True,https://www.freyerinternational.com//network partners
https://www.freyerinternational.com//locations,https://www.freyerinternational.com//contact-us,Contact Us,True,https://www.freyerinternational.com//contact-us
https://www.freyerinternational.com//locations,https://www.freyerinternational.com//,Home,True,https://www.freyerinternational.com//
https://www.freyerinternational.com//locations,https://www.freyerinternational.com//,Home,True,https://www.freyerinternational.com//
https://www.freyerinternational.com//locations,https://www.freyerinternational.com//about,About,True,https://www.freyerinternational.com//about
https://www.freyerinternational.com//locations,https://www.freyerinternational.com//services,Services,True,https://www.freyerinternational.com//services
https://www.freyerinternational.com//locations,https://www.freyerinternational.com//locations,Locations,True,https://www.freyerinternational.com//locations
https://www.freyerinternational.com//locations,https://www.freyerinternational.com//awards,Awards,True,https://www.freyerinternational.com//awards
https://www.freyerinternational.com//locations,https://www.freyerinternational.com//gallery,Gallery,True,https://www.freyerinternational.com//gallery
https://www.freyerinternational.com//locations,https://www.freyerinternational.com//corporate-social-responsibility,CSR,True,https://www.freyerinternational.com//corporate-social-responsibility
https://www.freyerinternational.com//locations,https://www.freyerinternational.com//careers,Careers,True,https://www.freyerinternational.com//careers
https://www.freyerinternational.com//locations,https://www.freyerinternational.com//contact-us,Contact Us,True,https://www.freyerinternational.com//contact-us
https://www.freyerinternational.com//locations,https://www.freyerinternational.com//services/air-services,Air Services,True,https://www.freyerinternational.com//services/air-services
https://www.freyerinternational.com//locations,https://www.freyerinternational.com//services/ocean-services,Ocean Services,True,https://www.freyerinternational.com//services/ocean-services
https://www.freyerinternational.com//locations,https://www.freyerinternational.com//services/customs-services,Customs Services,True,https://www.freyerinternational.com//services/customs-services
https://www.freyerinternational.com//locations,https://www.freyerinternational.com//services/warehouse,Warehouse,True,https://www.freyerinternational.com//services/warehouse
https://www.freyerinternational.com//locations,https://www.freyerinternational.com//services/risk-management,Risk Management,True,https://www.freyerinternational.com//services/risk-management
https://www.freyerinternational.com//locations,https://www.freyerinternational.com//services/project-cargo,Project Cargo,True,https://www.freyerinternational.com//services/project-cargo
https://www.freyerinternational.com//locations,https://www.horizonsoftnet.com/,,False,https://www.horizonsoftnet.com/
https://www.freyerinternational.com//awards,https://www.freyerinternational.com//,,True,https://www.freyerinternational.com//
https://www.freyerinternational.com//awards,https://www.freyerinternational.com//,Home,True,https://www.freyerinternational.com//
https://www.freyerinternational.com//awards,https://www.freyerinternational.com//about,About,True,https://www.freyerinternational.com//about
https://www.freyerinternational.com//awards,https://www.freyerinternational.com//services,Services,True,https://www.freyerinternational.com//services
https://www.freyerinternational.com//awards,https://www.freyerinternational.com//services/air-services,Air Services,True,https://www.freyerinternational.com//services/air-services
https://www.freyerinternational.com//awards,https://www.freyerinternational.com//services/ocean-services,Ocean Services,True,https://www.freyerinternational.com//services/ocean-services
https://www.freyerinternational.com//awards,https://www.freyerinternational.com//services/customs-services,Customs Services,True,https://www.freyerinternational.com//services/customs-services
https://www.freyerinternational.com//awards,https://www.freyerinternational.com//services/warehouse,Warehouse,True,https://www.freyerinternational.com//services/warehouse
https://www.freyerinternational.com//awards,https://www.freyerinternational.com//services/risk-management,Risk Management,True,https://www.freyerinternational.com//services/risk-management
https://www.freyerinternational.com//awards,https://www.freyerinternational.com//services/project-cargo,Project Cargo,True,https://www.freyerinternational.com//services/project-cargo
https://www.freyerinternational.com//awards,https://www.freyerinternational.com//locations,Locations,True,https://www.freyerinternational.com//locations
https://www.freyerinternational.com//awards,https://www.freyerinternational.com//awards,Awards,True,https://www.freyerinternational.com//awards
https://www.freyerinternational.com//awards,https://www.freyerinternational.com//project,Project,True,https://www.freyerinternational.com//project
https://www.freyerinternational.com//awards,https://www.freyerinternational.com//gallery,Gallery,True,https://www.freyerinternational.com//gallery
https://www.freyerinternational.com//awards,https://www.freyerinternational.com//corporate-social-responsibility,CSR,True,https://www.freyerinternational.com//corporate-social-responsibility
https://www.freyerinternational.com//awards,https://www.freyerinternational.com//careers,Careers,True,https://www.freyerinternational.com//careers
https://www.freyerinternational.com//awards,https://www.freyerinternational.com//network partners,Network Partners,True,https://www.freyerinternational.com//network partners
https://www.freyerinternational.com//awards,https://www.freyerinternational.com//contact-us,Contact Us,True,https://www.freyerinternational.com//contact-us
https://www.freyerinternational.com//awards,https://www.freyerinternational.com//,Home,True,https://www.freyerinternational.com//
https://www.freyerinternational.com//awards,https://www.freyerinternational.com//images/Awards/14.jpeg,,True,https://www.freyerinternational.com//images/Awards/14.jpeg
https://www.freyerinternational.com//awards,https://www.freyerinternational.com//images/Awards/13.jpeg,,True,https://www.freyerinternational.com//images/Awards/13.jpeg
https://www.freyerinternational.com//awards,https://www.freyerinternational.com//images/Awards/12.jpeg,,True,https://www.freyerinternational.com//images/Awards/12.jpeg
https://www.freyerinternational.com//awards,https://www.freyerinternational.com//images/Awards/11.jpeg,,True,https://www.freyerinternational.com//images/Awards/11.jpeg
https://www.freyerinternational.com//awards,https://www.freyerinternational.com//images/Awards/AEO Certificate.pdf,,True,https://www.freyerinternational.com//images/Awards/AEO Certificate.pdf
https://www.freyerinternational.com//awards,https://www.freyerinternational.com//images/Awards/SCN -Member_certificate.png,,True,https://www.freyerinternational.com//images/Awards/SCN -Member_certificate.png
https://www.freyerinternational.com//awards,https://www.freyerinternational.com//images/Awards/1.jpg,,True,https://www.freyerinternational.com//images/Awards/1.jpg
https://www.freyerinternational.com//awards,https://www.freyerinternational.com//images/Awards/2.jpg,,True,https://www.freyerinternational.com//images/Awards/2.jpg
https://www.freyerinternational.com//awards,https://www.freyerinternational.com//images/Awards/3.jpg,,True,https://www.freyerinternational.com//images/Awards/3.jpg
https://www.freyerinternational.com//awards,https://www.freyerinternational.com//images/Awards/4.jpg,,True,https://www.freyerinternational.com//images/Awards/4.jpg
https://www.freyerinternational.com//awards,https://www.freyerinternational.com//images/Awards/5.jpg,,True,https://www.freyerinternational.com//images/Awards/5.jpg
https://www.freyerinternational.com//awards,https://www.freyerinternational.com//,Home,True,https://www.freyerinternational.com//
https://www.freyerinternational.com//awards,https://www.freyerinternational.com//about,About,True,https://www.freyerinternational.com//about
https://www.freyerinternational.com//awards,https://www.freyerinternational.com//services,Services,True,https://www.freyerinternational.com//services
https://www.freyerinternational.com//awards,https://www.freyerinternational.com//locations,Locations,True,https://www.freyerinternational.com//locations
https://www.freyerinternational.com//awards,https://www.freyerinternational.com//awards,Awards,True,https://www.freyerinternational.com//awards
https://www.freyerinternational.com//awards,https://www.freyerinternational.com//gallery,Gallery,True,https://www.freyerinternational.com//gallery
https://www.freyerinternational.com//awards,https://www.freyerinternational.com//corporate-social-responsibility,CSR,True,https://www.freyerinternational.com//corporate-social-responsibility
https://www.freyerinternational.com//awards,https://www.freyerinternational.com//careers,Careers,True,https://www.freyerinternational.com//careers
https://www.freyerinternational.com//awards,https://www.freyerinternational.com//contact-us,Contact Us,True,https://www.freyerinternational.com//contact-us
https://www.freyerinternational.com//awards,https://www.freyerinternational.com//services/air-services,Air Services,True,https://www.freyerinternational.com//services/air-services
https://www.freyerinternational.com//awards,https://www.freyerinternational.com//services/ocean-services,Ocean Services,True,https://www.freyerinternational.com//services/ocean-services
https://www.freyerinternational.com//awards,https://www.freyerinternational.com//services/customs-services,Customs Services,True,https://www.freyerinternational.com//services/customs-services
https://www.freyerinternational.com//awards,https://www.freyerinternational.com//services/warehouse,Warehouse,True,https://www.freyerinternational.com//services/warehouse
https://www.freyerinternational.com//awards,https://www.freyerinternational.com//services/risk-management,Risk Management,True,https://www.freyerinternational.com//services/risk-management
https://www.freyerinternational.com//awards,https://www.freyerinternational.com//services/project-cargo,Project Cargo,True,https://www.freyerinternational.com//services/project-cargo
https://www.freyerinternational.com//awards,https://www.horizonsoftnet.com/,,False,https://www.horizonsoftnet.com/
https://www.freyerinternational.com//project,https://www.freyerinternational.com//,,True,https://www.freyerinternational.com//
https://www.freyerinternational.com//project,https://www.freyerinternational.com//,Home,True,https://www.freyerinternational.com//
https://www.freyerinternational.com//project,https://www.freyerinternational.com//about,About,True,https://www.freyerinternational.com//about
https://www.freyerinternational.com//project,https://www.freyerinternational.com//services,Services,True,https://www.freyerinternational.com//services
https://www.freyerinternational.com//project,https://www.freyerinternational.com//services/air-services,Air Services,True,https://www.freyerinternational.com//services/air-services
https://www.freyerinternational.com//project,https://www.freyerinternational.com//services/ocean-services,Ocean Services,True,https://www.freyerinternational.com//services/ocean-services
https://www.freyerinternational.com//project,https://www.freyerinternational.com//services/customs-services,Customs Services,True,https://www.freyerinternational.com//services/customs-services
https://www.freyerinternational.com//project,https://www.freyerinternational.com//services/warehouse,Warehouse,True,https://www.freyerinternational.com//services/warehouse
https://www.freyerinternational.com//project,https://www.freyerinternational.com//services/risk-management,Risk Management,True,https://www.freyerinternational.com//services/risk-management
https://www.freyerinternational.com//project,https://www.freyerinternational.com//services/project-cargo,Project Cargo,True,https://www.freyerinternational.com//services/project-cargo
https://www.freyerinternational.com//project,https://www.freyerinternational.com//locations,Locations,True,https://www.freyerinternational.com//locations
https://www.freyerinternational.com//project,https://www.freyerinternational.com//awards,Awards,True,https://www.freyerinternational.com//awards
https://www.freyerinternational.com//project,https://www.freyerinternational.com//project,Project,True,https://www.freyerinternational.com//project
https://www.freyerinternational.com//project,https://www.freyerinternational.com//gallery,Gallery,True,https://www.freyerinternational.com//gallery
https://www.freyerinternational.com//project,https://www.freyerinternational.com//corporate-social-responsibility,CSR,True,https://www.freyerinternational.com//corporate-social-responsibility
https://www.freyerinternational.com//project,https://www.freyerinternational.com//careers,Careers,True,https://www.freyerinternational.com//careers
https://www.freyerinternational.com//project,https://www.freyerinternational.com//network partners,Network Partners,True,https://www.freyerinternational.com//network partners
https://www.freyerinternational.com//project,https://www.freyerinternational.com//contact-us,Contact Us,True,https://www.freyerinternational.com//contact-us
https://www.freyerinternational.com//project,https://www.freyerinternational.com//,Home,True,https://www.freyerinternational.com//
https://www.freyerinternational.com//project,https://www.freyerinternational.com//,Home,True,https://www.freyerinternational.com//
https://www.freyerinternational.com//project,https://www.freyerinternational.com//about,About,True,https://www.freyerinternational.com//about
https://www.freyerinternational.com//project,https://www.freyerinternational.com//services,Services,True,https://www.freyerinternational.com//services
https://www.freyerinternational.com//project,https://www.freyerinternational.com//locations,Locations,True,https://www.freyerinternational.com//locations
https://www.freyerinternational.com//project,https://www.freyerinternational.com//awards,Awards,True,https://www.freyerinternational.com//awards
https://www.freyerinternational.com//project,https://www.freyerinternational.com//gallery,Gallery,True,https://www.freyerinternational.com//gallery
https://www.freyerinternational.com//project,https://www.freyerinternational.com//corporate-social-responsibility,CSR,True,https://www.freyerinternational.com//corporate-social-responsibility
https://www.freyerinternational.com//project,https://www.freyerinternational.com//careers,Careers,True,https://www.freyerinternational.com//careers
https://www.freyerinternational.com//project,https://www.freyerinternational.com//contact-us,Contact Us,True,https://www.freyerinternational.com//contact-us
https://www.freyerinternational.com//project,https://www.freyerinternational.com//services/air-services,Air Services,True,https://www.freyerinternational.com//services/air-services
https://www.freyerinternational.com//project,https://www.freyerinternational.com//services/ocean-services,Ocean Services,True,https://www.freyerinternational.com//services/ocean-services
https://www.freyerinternational.com//project,https://www.freyerinternational.com//services/customs-services,Customs Services,True,https://www.freyerinternational.com//services/customs-services
https://www.freyerinternational.com//project,https://www.freyerinternational.com//services/warehouse,Warehouse,True,https://www.freyerinternational.com//services/warehouse
https://www.freyerinternational.com//project,https://www.freyerinternational.com//services/risk-management,Risk Management,True,https://www.freyerinternational.com//services/risk-management
https://www.freyerinternational.com//project,https://www.freyerinternational.com//services/project-cargo,Project Cargo,True,https://www.freyerinternational.com//services/project-cargo
https://www.freyerinternational.com//project,https://www.horizonsoftnet.com/,,False,https://www.horizonsoftnet.com/
https://www.freyerinternational.com//gallery,https://www.freyerinternational.com//,,True,https://www.freyerinternational.com//
https://www.freyerinternational.com//gallery,https://www.freyerinternational.com//,Home,True,https://www.freyerinternational.com//
https://www.freyerinternational.com//gallery,https://www.freyerinternational.com//about,About,True,https://www.freyerinternational.com//about
https://www.freyerinternational.com//gallery,https://www.freyerinternational.com//services,Services,True,https://www.freyerinternational.com//services
https://www.freyerinternational.com//gallery,https://www.freyerinternational.com//services/air-services,Air Services,True,https://www.freyerinternational.com//services/air-services
https://www.freyerinternational.com//gallery,https://www.freyerinternational.com//services/ocean-services,Ocean Services,True,https://www.freyerinternational.com//services/ocean-services
https://www.freyerinternational.com//gallery,https://www.freyerinternational.com//services/customs-services,Customs Services,True,https://www.freyerinternational.com//services/customs-services
https://www.freyerinternational.com//gallery,https://www.freyerinternational.com//services/warehouse,Warehouse,True,https://www.freyerinternational.com//services/warehouse
https://www.freyerinternational.com//gallery,https://www.freyerinternational.com//services/risk-management,Risk Management,True,https://www.freyerinternational.com//services/risk-management
https://www.freyerinternational.com//gallery,https://www.freyerinternational.com//services/project-cargo,Project Cargo,True,https://www.freyerinternational.com//services/project-cargo
https://www.freyerinternational.com//gallery,https://www.freyerinternational.com//locations,Locations,True,https://www.freyerinternational.com//locations
https://www.freyerinternational.com//gallery,https://www.freyerinternational.com//awards,Awards,True,https://www.freyerinternational.com//awards
https://www.freyerinternational.com//gallery,https://www.freyerinternational.com//project,Project,True,https://www.freyerinternational.com//project
https://www.freyerinternational.com//gallery,https://www.freyerinternational.com//gallery,Gallery,True,https://www.freyerinternational.com//gallery
https://www.freyerinternational.com//gallery,https://www.freyerinternational.com//corporate-social-responsibility,CSR,True,https://www.freyerinternational.com//corporate-social-responsibility
https://www.freyerinternational.com//gallery,https://www.freyerinternational.com//careers,Careers,True,https://www.freyerinternational.com//careers
https://www.freyerinternational.com//gallery,https://www.freyerinternational.com//network partners,Network Partners,True,https://www.freyerinternational.com//network partners
https://www.freyerinternational.com//gallery,https://www.freyerinternational.com//contact-us,Contact Us,True,https://www.freyerinternational.com//contact-us
https://www.freyerinternational.com//gallery,https://www.freyerinternational.com//,Home,True,https://www.freyerinternational.com//
https://www.freyerinternational.com//gallery,https://www.freyerinternational.com//images/Gallery/5th Year Celebration/1.jpg,5th Year Celebration,True,https://www.freyerinternational.com//images/Gallery/5th Year Celebration/1.jpg
https://www.freyerinternational.com//gallery,https://www.freyerinternational.com//images/Gallery/5th Year Celebration/2.jpg,,True,https://www.freyerinternational.com//images/Gallery/5th Year Celebration/2.jpg
https://www.freyerinternational.com//gallery,https://www.freyerinternational.com//images/Gallery/5th Year Celebration/3.jpg,,True,https://www.freyerinternational.com//images/Gallery/5th Year Celebration/3.jpg
https://www.freyerinternational.com//gallery,https://www.freyerinternational.com//images/Gallery/5th Year Celebration/4.jpg,,True,https://www.freyerinternational.com//images/Gallery/5th Year Celebration/4.jpg
https://www.freyerinternational.com//gallery,https://www.freyerinternational.com//images/Gallery/5th Year Celebration/5.jpg,,True,https://www.freyerinternational.com//images/Gallery/5th Year Celebration/5.jpg
https://www.freyerinternational.com//gallery,https://www.freyerinternational.com//images/Gallery/5th Year Celebration/6.jpg,,True,https://www.freyerinternational.com//images/Gallery/5th Year Celebration/6.jpg
https://www.freyerinternational.com//gallery,https://www.freyerinternational.com//images/Gallery/5th Year Celebration/7.jpg,,True,https://www.freyerinternational.com//images/Gallery/5th Year Celebration/7.jpg
https://www.freyerinternational.com//gallery,https://www.freyerinternational.com//images/Gallery/aku/1.jpg,Abroad Trip,True,https://www.freyerinternational.com//images/Gallery/aku/1.jpg
https://www.freyerinternational.com//gallery,https://www.freyerinternational.com//images/Gallery/aku/2.jpg,,True,https://www.freyerinternational.com//images/Gallery/aku/2.jpg
https://www.freyerinternational.com//gallery,https://www.freyerinternational.com//images/Gallery/aku/3.jpg,,True,https://www.freyerinternational.com//images/Gallery/aku/3.jpg
https://www.freyerinternational.com//gallery,https://www.freyerinternational.com//images/Gallery/aku/4.jpg,,True,https://www.freyerinternational.com//images/Gallery/aku/4.jpg
https://www.freyerinternational.com//gallery,https://www.freyerinternational.com//images/Gallery/aku/5.jpg,,True,https://www.freyerinternational.com//images/Gallery/aku/5.jpg
https://www.freyerinternational.com//gallery,https://www.freyerinternational.com//images/Gallery/aku/6.jpg,,True,https://www.freyerinternational.com//images/Gallery/aku/6.jpg
https://www.freyerinternational.com//gallery,https://www.freyerinternational.com//images/Gallery/aku/7.jpg,,True,https://www.freyerinternational.com//images/Gallery/aku/7.jpg
https://www.freyerinternational.com//gallery,https://www.freyerinternational.com//images/Gallery/aku/8.jpg,,True,https://www.freyerinternational.com//images/Gallery/aku/8.jpg
https://www.freyerinternational.com//gallery,https://www.freyerinternational.com//images/Gallery/aku/9.png,,True,https://www.freyerinternational.com//images/Gallery/aku/9.png
https://www.freyerinternational.com//gallery,https://www.freyerinternational.com//images/Gallery/Office/1.jpg,Office,True,https://www.freyerinternational.com//images/Gallery/Office/1.jpg
https://www.freyerinternational.com//gallery,https://www.freyerinternational.com//images/Gallery/Office/2.jpg,,True,https://www.freyerinternational.com//images/Gallery/Office/2.jpg
https://www.freyerinternational.com//gallery,https://www.freyerinternational.com//images/Gallery/Office/3.jpg,,True,https://www.freyerinternational.com//images/Gallery/Office/3.jpg
https://www.freyerinternational.com//gallery,https://www.freyerinternational.com//images/Gallery/Office/4.jpg,,True,https://www.freyerinternational.com//images/Gallery/Office/4.jpg
https://www.freyerinternational.com//gallery,https://www.freyerinternational.com//images/Gallery/Office/5.jpg,,True,https://www.freyerinternational.com//images/Gallery/Office/5.jpg
https://www.freyerinternational.com//gallery,https://www.freyerinternational.com//images/Gallery/Social Events/1.jpg,Social Events,True,https://www.freyerinternational.com//images/Gallery/Social Events/1.jpg
https://www.freyerinternational.com//gallery,https://www.freyerinternational.com//images/Gallery/Social Events/2.jpg,,True,https://www.freyerinternational.com//images/Gallery/Social Events/2.jpg
https://www.freyerinternational.com//gallery,https://www.freyerinternational.com//images/Gallery/Social Events/3.jpg,,True,https://www.freyerinternational.com//images/Gallery/Social Events/3.jpg
https://www.freyerinternational.com//gallery,https://www.freyerinternational.com//images/Gallery/Social Events/4.jpg,,True,https://www.freyerinternational.com//images/Gallery/Social Events/4.jpg
https://www.freyerinternational.com//gallery,https://www.freyerinternational.com//images/Gallery/Social Events/5.jpg,,True,https://www.freyerinternational.com//images/Gallery/Social Events/5.jpg
https://www.freyerinternational.com//gallery,https://www.freyerinternational.com//images/Gallery/Customer Get Together/1.jpg,Customer Get Together,True,https://www.freyerinternational.com//images/Gallery/Customer Get Together/1.jpg
https://www.freyerinternational.com//gallery,https://www.freyerinternational.com//images/Gallery/Customer Get Together/2.jpg,,True,https://www.freyerinternational.com//images/Gallery/Customer Get Together/2.jpg
https://www.freyerinternational.com//gallery,https://www.freyerinternational.com//images/Gallery/Customer Get Together/3.jpg,,True,https://www.freyerinternational.com//images/Gallery/Customer Get Together/3.jpg
https://www.freyerinternational.com//gallery,https://www.freyerinternational.com//images/Gallery/Customer Get Together/4.jpg,,True,https://www.freyerinternational.com//images/Gallery/Customer Get Together/4.jpg
https://www.freyerinternational.com//gallery,https://www.freyerinternational.com//images/Gallery/Customer Get Together/5.jpg,,True,https://www.freyerinternational.com//images/Gallery/Customer Get Together/5.jpg
https://www.freyerinternational.com//gallery,https://www.freyerinternational.com//images/Gallery/Customer Get Together/6.jpg,,True,https://www.freyerinternational.com//images/Gallery/Customer Get Together/6.jpg
https://www.freyerinternational.com//gallery,https://www.freyerinternational.com//images/Gallery/Customer Get Together/7.jpg,,True,https://www.freyerinternational.com//images/Gallery/Customer Get Together/7.jpg
https://www.freyerinternational.com//gallery,https://www.freyerinternational.com//images/Gallery/Spirit of Independence/1.jpg,Spirit of Independence,True,https://www.freyerinternational.com//images/Gallery/Spirit of Independence/1.jpg
https://www.freyerinternational.com//gallery,https://www.freyerinternational.com//images/Gallery/Spirit of Independence/2.jpg,,True,https://www.freyerinternational.com//images/Gallery/Spirit of Independence/2.jpg
https://www.freyerinternational.com//gallery,https://www.freyerinternational.com//images/Gallery/Spirit of Independence/3.jpg,,True,https://www.freyerinternational.com//images/Gallery/Spirit of Independence/3.jpg
https://www.freyerinternational.com//gallery,https://www.freyerinternational.com//images/Gallery/80 Tons Crane/1.jpg,80 Tons Crane,True,https://www.freyerinternational.com//images/Gallery/80 Tons Crane/1.jpg
https://www.freyerinternational.com//gallery,https://www.freyerinternational.com//images/Gallery/80 Tons Crane/2.jpg,,True,https://www.freyerinternational.com//images/Gallery/80 Tons Crane/2.jpg
https://www.freyerinternational.com//gallery,https://www.freyerinternational.com//images/Gallery/80 Tons Crane/3.jpg,,True,https://www.freyerinternational.com//images/Gallery/80 Tons Crane/3.jpg
https://www.freyerinternational.com//gallery,https://www.freyerinternational.com//images/Gallery/80 Tons Crane/4.jpg,,True,https://www.freyerinternational.com//images/Gallery/80 Tons Crane/4.jpg
https://www.freyerinternational.com//gallery,https://www.freyerinternational.com//images/Gallery/26 Tons Airfreight Shipment/1.jpg,26 Tons Airfreight Shipment,True,https://www.freyerinternational.com//images/Gallery/26 Tons Airfreight Shipment/1.jpg
https://www.freyerinternational.com//gallery,https://www.freyerinternational.com//,Home,True,https://www.freyerinternational.com//
https://www.freyerinternational.com//gallery,https://www.freyerinternational.com//about,About,True,https://www.freyerinternational.com//about
https://www.freyerinternational.com//gallery,https://www.freyerinternational.com//services,Services,True,https://www.freyerinternational.com//services
https://www.freyerinternational.com//gallery,https://www.freyerinternational.com//locations,Locations,True,https://www.freyerinternational.com//locations
https://www.freyerinternational.com//gallery,https://www.freyerinternational.com//awards,Awards,True,https://www.freyerinternational.com//awards
https://www.freyerinternational.com//gallery,https://www.freyerinternational.com//gallery,Gallery,True,https://www.freyerinternational.com//gallery
https://www.freyerinternational.com//gallery,https://www.freyerinternational.com//corporate-social-responsibility,CSR,True,https://www.freyerinternational.com//corporate-social-responsibility
https://www.freyerinternational.com//gallery,https://www.freyerinternational.com//careers,Careers,True,https://www.freyerinternational.com//careers
https://www.freyerinternational.com//gallery,https://www.freyerinternational.com//contact-us,Contact Us,True,https://www.freyerinternational.com//contact-us
https://www.freyerinternational.com//gallery,https://www.freyerinternational.com//services/air-services,Air Services,True,https://www.freyerinternational.com//services/air-services
https://www.freyerinternational.com//gallery,https://www.freyerinternational.com//services/ocean-services,Ocean Services,True,https://www.freyerinternational.com//services/ocean-services
https://www.freyerinternational.com//gallery,https://www.freyerinternational.com//services/customs-services,Customs Services,True,https://www.freyerinternational.com//services/customs-services
https://www.freyerinternational.com//gallery,https://www.freyerinternational.com//services/warehouse,Warehouse,True,https://www.freyerinternational.com//services/warehouse
https://www.freyerinternational.com//gallery,https://www.freyerinternational.com//services/risk-management,Risk Management,True,https://www.freyerinternational.com//services/risk-management
https://www.freyerinternational.com//gallery,https://www.freyerinternational.com//services/project-cargo,Project Cargo,True,https://www.freyerinternational.com//services/project-cargo
https://www.freyerinternational.com//gallery,https://www.horizonsoftnet.com/,,False,https://www.horizonsoftnet.com/
https://www.freyerinternational.com//corporate-social-responsibility,https://www.freyerinternational.com//,,True,https://www.freyerinternational.com//
https://www.freyerinternational.com//corporate-social-responsibility,https://www.freyerinternational.com//,Home,True,https://www.freyerinternational.com//
https://www.freyerinternational.com//corporate-social-responsibility,https://www.freyerinternational.com//about,About,True,https://www.freyerinternational.com//about
https://www.freyerinternational.com//corporate-social-responsibility,https://www.freyerinternational.com//services,Services,True,https://www.freyerinternational.com//services
https://www.freyerinternational.com//corporate-social-responsibility,https://www.freyerinternational.com//services/air-services,Air Services,True,https://www.freyerinternational.com//services/air-services
https://www.freyerinternational.com//corporate-social-responsibility,https://www.freyerinternational.com//services/ocean-services,Ocean Services,True,https://www.freyerinternational.com//services/ocean-services
https://www.freyerinternational.com//corporate-social-responsibility,https://www.freyerinternational.com//services/customs-services,Customs Services,True,https://www.freyerinternational.com//services/customs-services
https://www.freyerinternational.com//corporate-social-responsibility,https://www.freyerinternational.com//services/warehouse,Warehouse,True,https://www.freyerinternational.com//services/warehouse
https://www.freyerinternational.com//corporate-social-responsibility,https://www.freyerinternational.com//services/risk-management,Risk Management,True,https://www.freyerinternational.com//services/risk-management
https://www.freyerinternational.com//corporate-social-responsibility,https://www.freyerinternational.com//services/project-cargo,Project Cargo,True,https://www.freyerinternational.com//services/project-cargo
https://www.freyerinternational.com//corporate-social-responsibility,https://www.freyerinternational.com//locations,Locations,True,https://www.freyerinternational.com//locations
https://www.freyerinternational.com//corporate-social-responsibility,https://www.freyerinternational.com//awards,Awards,True,https://www.freyerinternational.com//awards
https://www.freyerinternational.com//corporate-social-responsibility,https://www.freyerinternational.com//project,Project,True,https://www.freyerinternational.com//project
https://www.freyerinternational.com//corporate-social-responsibility,https://www.freyerinternational.com//gallery,Gallery,True,https://www.freyerinternational.com//gallery
https://www.freyerinternational.com//corporate-social-responsibility,https://www.freyerinternational.com//corporate-social-responsibility,CSR,True,https://www.freyerinternational.com//corporate-social-responsibility
https://www.freyerinternational.com//corporate-social-responsibility,https://www.freyerinternational.com//careers,Careers,True,https://www.freyerinternational.com//careers
https://www.freyerinternational.com//corporate-social-responsibility,https://www.freyerinternational.com//network partners,Network Partners,True,https://www.freyerinternational.com//network partners
https://www.freyerinternational.com//corporate-social-responsibility,https://www.freyerinternational.com//contact-us,Contact Us,True,https://www.freyerinternational.com//contact-us
https://www.freyerinternational.com//corporate-social-responsibility,https://www.freyerinternational.com//,Home,True,https://www.freyerinternational.com//
https://www.freyerinternational.com//corporate-social-responsibility,https://www.freyerinternational.com//contact-us,Contact Us,True,https://www.freyerinternational.com//contact-us
https://www.freyerinternational.com//corporate-social-responsibility,https://www.freyerinternational.com//,Home,True,https://www.freyerinternational.com//
https://www.freyerinternational.com//corporate-social-responsibility,https://www.freyerinternational.com//about,About,True,https://www.freyerinternational.com//about
https://www.freyerinternational.com//corporate-social-responsibility,https://www.freyerinternational.com//services,Services,True,https://www.freyerinternational.com//services
https://www.freyerinternational.com//corporate-social-responsibility,https://www.freyerinternational.com//locations,Locations,True,https://www.freyerinternational.com//locations
https://www.freyerinternational.com//corporate-social-responsibility,https://www.freyerinternational.com//awards,Awards,True,https://www.freyerinternational.com//awards
https://www.freyerinternational.com//corporate-social-responsibility,https://www.freyerinternational.com//gallery,Gallery,True,https://www.freyerinternational.com//gallery
https://www.freyerinternational.com//corporate-social-responsibility,https://www.freyerinternational.com//corporate-social-responsibility,CSR,True,https://www.freyerinternational.com//corporate-social-responsibility
https://www.freyerinternational.com//corporate-social-responsibility,https://www.freyerinternational.com//careers,Careers,True,https://www.freyerinternational.com//careers
https://www.freyerinternational.com//corporate-social-responsibility,https://www.freyerinternational.com//contact-us,Contact Us,True,https://www.freyerinternational.com//contact-us
https://www.freyerinternational.com//corporate-social-responsibility,https://www.freyerinternational.com//services/air-services,Air Services,True,https://www.freyerinternational.com//services/air-services
https://www.freyerinternational.com//corporate-social-responsibility,https://www.freyerinternational.com//services/ocean-services,Ocean Services,True,https://www.freyerinternational.com//services/ocean-services
https://www.freyerinternational.com//corporate-social-responsibility,https://www.freyerinternational.com//services/customs-services,Customs Services,True,https://www.freyerinternational.com//services/customs-services
https://www.freyerinternational.com//corporate-social-responsibility,https://www.freyerinternational.com//services/warehouse,Warehouse,True,https://www.freyerinternational.com//services/warehouse
https://www.freyerinternational.com//corporate-social-responsibility,https://www.freyerinternational.com//services/risk-management,Risk Management,True,https://www.freyerinternational.com//services/risk-management
https://www.freyerinternational.com//corporate-social-responsibility,https://www.freyerinternational.com//services/project-cargo,Project Cargo,True,https://www.freyerinternational.com//services/project-cargo
https://www.freyerinternational.com//corporate-social-responsibility,https://www.horizonsoftnet.com/,,False,https://www.horizonsoftnet.com/
https://www.freyerinternational.com//careers,https://www.freyerinternational.com//,,True,https://www.freyerinternational.com//
https://www.freyerinternational.com//careers,https://www.freyerinternational.com//,Home,True,https://www.freyerinternational.com//
https://www.freyerinternational.com//careers,https://www.freyerinternational.com//about,About,True,https://www.freyerinternational.com//about
https://www.freyerinternational.com//careers,https://www.freyerinternational.com//services,Services,True,https://www.freyerinternational.com//services
https://www.freyerinternational.com//careers,https://www.freyerinternational.com//services/air-services,Air Services,True,https://www.freyerinternational.com//services/air-services
https://www.freyerinternational.com//careers,https://www.freyerinternational.com//services/ocean-services,Ocean Services,True,https://www.freyerinternational.com//services/ocean-services
https://www.freyerinternational.com//careers,https://www.freyerinternational.com//services/customs-services,Customs Services,True,https://www.freyerinternational.com//services/customs-services
https://www.freyerinternational.com//careers,https://www.freyerinternational.com//services/warehouse,Warehouse,True,https://www.freyerinternational.com//services/warehouse
https://www.freyerinternational.com//careers,https://www.freyerinternational.com//services/risk-management,Risk Management,True,https://www.freyerinternational.com//services/risk-management
https://www.freyerinternational.com//careers,https://www.freyerinternational.com//services/project-cargo,Project Cargo,True,https://www.freyerinternational.com//services/project-cargo
https://www.freyerinternational.com//careers,https://www.freyerinternational.com//locations,Locations,True,https://www.freyerinternational.com//locations
https://www.freyerinternational.com//careers,https://www.freyerinternational.com//awards,Awards,True,https://www.freyerinternational.com//awards
https://www.freyerinternational.com//careers,https://www.freyerinternational.com//project,Project,True,https://www.freyerinternational.com//project
https://www.freyerinternational.com//careers,https://www.freyerinternational.com//gallery,Gallery,True,https://www.freyerinternational.com//gallery
https://www.freyerinternational.com//careers,https://www.freyerinternational.com//corporate-social-responsibility,CSR,True,https://www.freyerinternational.com//corporate-social-responsibility
https://www.freyerinternational.com//careers,https://www.freyerinternational.com//careers,Careers,True,https://www.freyerinternational.com//careers
https://www.freyerinternational.com//careers,https://www.freyerinternational.com//network partners,Network Partners,True,https://www.freyerinternational.com//network partners
https://www.freyerinternational.com//careers,https://www.freyerinternational.com//contact-us,Contact Us,True,https://www.freyerinternational.com//contact-us
https://www.freyerinternational.com//careers,https://www.freyerinternational.com//,Home,True,https://www.freyerinternational.com//
https://www.freyerinternational.com//careers,https://www.freyerinternational.com/career-plus.php,Contact Us,True,career-plus.php
https://www.freyerinternational.com//careers,https://www.freyerinternational.com//,Home,True,https://www.freyerinternational.com//
https://www.freyerinternational.com//careers,https://www.freyerinternational.com//about,About,True,https://www.freyerinternational.com//about
https://www.freyerinternational.com//careers,https://www.freyerinternational.com//services,Services,True,https://www.freyerinternational.com//services
https://www.freyerinternational.com//careers,https://www.freyerinternational.com//locations,Locations,True,https://www.freyerinternational.com//locations
https://www.freyerinternational.com//careers,https://www.freyerinternational.com//awards,Awards,True,https://www.freyerinternational.com//awards
https://www.freyerinternational.com//careers,https://www.freyerinternational.com//gallery,Gallery,True,https://www.freyerinternational.com//gallery
https://www.freyerinternational.com//careers,https://www.freyerinternational.com//corporate-social-responsibility,CSR,True,https://www.freyerinternational.com//corporate-social-responsibility
https://www.freyerinternational.com//careers,https://www.freyerinternational.com//careers,Careers,True,https://www.freyerinternational.com//careers
https://www.freyerinternational.com//careers,https://www.freyerinternational.com//contact-us,Contact Us,True,https://www.freyerinternational.com//contact-us
https://www.freyerinternational.com//careers,https://www.freyerinternational.com//services/air-services,Air Services,True,https://www.freyerinternational.com//services/air-services
https://www.freyerinternational.com//careers,https://www.freyerinternational.com//services/ocean-services,Ocean Services,True,https://www.freyerinternational.com//services/ocean-services
https://www.freyerinternational.com//careers,https://www.freyerinternational.com//services/customs-services,Customs Services,True,https://www.freyerinternational.com//services/customs-services
https://www.freyerinternational.com//careers,https://www.freyerinternational.com//services/warehouse,Warehouse,True,https://www.freyerinternational.com//services/warehouse
https://www.freyerinternational.com//careers,https://www.freyerinternational.com//services/risk-management,Risk Management,True,https://www.freyerinternational.com//services/risk-management
https://www.freyerinternational.com//careers,https://www.freyerinternational.com//services/project-cargo,Project Cargo,True,https://www.freyerinternational.com//services/project-cargo
https://www.freyerinternational.com//careers,https://www.horizonsoftnet.com/,,False,https://www.horizonsoftnet.com/
https://www.freyerinternational.com//network partners,https://www.freyerinternational.com//,,True,https://www.freyerinternational.com//
https://www.freyerinternational.com//network partners,https://www.freyerinternational.com//,Home,True,https://www.freyerinternational.com//
https://www.freyerinternational.com//network partners,https://www.freyerinternational.com//about,About,True,https://www.freyerinternational.com//about
https://www.freyerinternational.com//network partners,https://www.freyerinternational.com//services,Services,True,https://www.freyerinternational.com//services
https://www.freyerinternational.com//network partners,https://www.freyerinternational.com//services/air-services,Air Services,True,https://www.freyerinternational.com//services/air-services
https://www.freyerinternational.com//network partners,https://www.freyerinternational.com//services/ocean-services,Ocean Services,True,https://www.freyerinternational.com//services/ocean-services
https://www.freyerinternational.com//network partners,https://www.freyerinternational.com//services/customs-services,Customs Services,True,https://www.freyerinternational.com//services/customs-services
https://www.freyerinternational.com//network partners,https://www.freyerinternational.com//services/warehouse,Warehouse,True,https://www.freyerinternational.com//services/warehouse
https://www.freyerinternational.com//network partners,https://www.freyerinternational.com//services/risk-management,Risk Management,True,https://www.freyerinternational.com//services/risk-management
https://www.freyerinternational.com//network partners,https://www.freyerinternational.com//services/project-cargo,Project Cargo,True,https://www.freyerinternational.com//services/project-cargo
https://www.freyerinternational.com//network partners,https://www.freyerinternational.com//locations,Locations,True,https://www.freyerinternational.com//locations
https://www.freyerinternational.com//network partners,https://www.freyerinternational.com//awards,Awards,True,https://www.freyerinternational.com//awards
https://www.freyerinternational.com//network partners,https://www.freyerinternational.com//project,Project,True,https://www.freyerinternational.com//project
https://www.freyerinternational.com//network partners,https://www.freyerinternational.com//gallery,Gallery,True,https://www.freyerinternational.com//gallery
https://www.freyerinternational.com//network partners,https://www.freyerinternational.com//corporate-social-responsibility,CSR,True,https://www.freyerinternational.com//corporate-social-responsibility
https://www.freyerinternational.com//network partners,https://www.freyerinternational.com//careers,Careers,True,https://www.freyerinternational.com//careers
https://www.freyerinternational.com//network partners,https://www.freyerinternational.com//network partners,Network Partners,True,https://www.freyerinternational.com//network partners
https://www.freyerinternational.com//network partners,https://www.freyerinternational.com//contact-us,Contact Us,True,https://www.freyerinternational.com//contact-us
https://www.freyerinternational.com//network partners,https://www.freyerinternational.com//,Home,True,https://www.freyerinternational.com//
https://www.freyerinternational.com//network partners,https://www.freyerinternational.com//,Home,True,https://www.freyerinternational.com//
https://www.freyerinternational.com//network partners,https://www.freyerinternational.com//about,About,True,https://www.freyerinternational.com//about
https://www.freyerinternational.com//network partners,https://www.freyerinternational.com//services,Services,True,https://www.freyerinternational.com//services
https://www.freyerinternational.com//network partners,https://www.freyerinternational.com//locations,Locations,True,https://www.freyerinternational.com//locations
https://www.freyerinternational.com//network partners,https://www.freyerinternational.com//awards,Awards,True,https://www.freyerinternational.com//awards
https://www.freyerinternational.com//network partners,https://www.freyerinternational.com//gallery,Gallery,True,https://www.freyerinternational.com//gallery
https://www.freyerinternational.com//network partners,https://www.freyerinternational.com//corporate-social-responsibility,CSR,True,https://www.freyerinternational.com//corporate-social-responsibility
https://www.freyerinternational.com//network partners,https://www.freyerinternational.com//careers,Careers,True,https://www.freyerinternational.com//careers
https://www.freyerinternational.com//network partners,https://www.freyerinternational.com//contact-us,Contact Us,True,https://www.freyerinternational.com//contact-us
https://www.freyerinternational.com//network partners,https://www.freyerinternational.com//services/air-services,Air Services,True,https://www.freyerinternational.com//services/air-services
https://www.freyerinternational.com//network partners,https://www.freyerinternational.com//services/ocean-services,Ocean Services,True,https://www.freyerinternational.com//services/ocean-services
https://www.freyerinternational.com//network partners,https://www.freyerinternational.com//services/customs-services,Customs Services,True,https://www.freyerinternational.com//services/customs-services
https://www.freyerinternational.com//network partners,https://www.freyerinternational.com//services/warehouse,Warehouse,True,https://www.freyerinternational.com//services/warehouse
https://www.freyerinternational.com//network partners,https://www.freyerinternational.com//services/risk-management,Risk Management,True,https://www.freyerinternational.com//services/risk-management
https://www.freyerinternational.com//network partners,https://www.freyerinternational.com//services/project-cargo,Project Cargo,True,https://www.freyerinternational.com//services/project-cargo
https://www.freyerinternational.com//network partners,https://www.horizonsoftnet.com/,,False,https://www.horizonsoftnet.com/
https://www.freyerinternational.com//contact-us,https://www.freyerinternational.com//,,True,https://www.freyerinternational.com//
https://www.freyerinternational.com//contact-us,https://www.freyerinternational.com//,Home,True,https://www.freyerinternational.com//
https://www.freyerinternational.com//contact-us,https://www.freyerinternational.com//about,About,True,https://www.freyerinternational.com//about
https://www.freyerinternational.com//contact-us,https://www.freyerinternational.com//services,Services,True,https://www.freyerinternational.com//services
https://www.freyerinternational.com//contact-us,https://www.freyerinternational.com//services/air-services,Air Services,True,https://www.freyerinternational.com//services/air-services
https://www.freyerinternational.com//contact-us,https://www.freyerinternational.com//services/ocean-services,Ocean Services,True,https://www.freyerinternational.com//services/ocean-services
https://www.freyerinternational.com//contact-us,https://www.freyerinternational.com//services/customs-services,Customs Services,True,https://www.freyerinternational.com//services/customs-services
https://www.freyerinternational.com//contact-us,https://www.freyerinternational.com//services/warehouse,Warehouse,True,https://www.freyerinternational.com//services/warehouse
https://www.freyerinternational.com//contact-us,https://www.freyerinternational.com//services/risk-management,Risk Management,True,https://www.freyerinternational.com//services/risk-management
https://www.freyerinternational.com//contact-us,https://www.freyerinternational.com//services/project-cargo,Project Cargo,True,https://www.freyerinternational.com//services/project-cargo
https://www.freyerinternational.com//contact-us,https://www.freyerinternational.com//locations,Locations,True,https://www.freyerinternational.com//locations
https://www.freyerinternational.com//contact-us,https://www.freyerinternational.com//awards,Awards,True,https://www.freyerinternational.com//awards
https://www.freyerinternational.com//contact-us,https://www.freyerinternational.com//project,Project,True,https://www.freyerinternational.com//project
https://www.freyerinternational.com//contact-us,https://www.freyerinternational.com//gallery,Gallery,True,https://www.freyerinternational.com//gallery
https://www.freyerinternational.com//contact-us,https://www.freyerinternational.com//corporate-social-responsibility,CSR,True,https://www.freyerinternational.com//corporate-social-responsibility
https://www.freyerinternational.com//contact-us,https://www.freyerinternational.com//careers,Careers,True,https://www.freyerinternational.com//careers
https://www.freyerinternational.com//contact-us,https://www.freyerinternational.com//network partners,Network Partners,True,https://www.freyerinternational.com//network partners
https://www.freyerinternational.com//contact-us,https://www.freyerinternational.com//contact-us,Contact Us,True,https://www.freyerinternational.com//contact-us
https://www.freyerinternational.com//contact-us,https://www.freyerinternational.com//,Home,True,https://www.freyerinternational.com//
https://www.freyerinternational.com//contact-us,https://www.freyerinternational.com//,Home,True,https://www.freyerinternational.com//
https://www.freyerinternational.com//contact-us,https://www.freyerinternational.com//about,About,True,https://www.freyerinternational.com//about
https://www.freyerinternational.com//contact-us,https://www.freyerinternational.com//services,Services,True,https://www.freyerinternational.com//services
https://www.freyerinternational.com//contact-us,https://www.freyerinternational.com//locations,Locations,True,https://www.freyerinternational.com//locations
https://www.freyerinternational.com//contact-us,https://www.freyerinternational.com//awards,Awards,True,https://www.freyerinternational.com//awards
https://www.freyerinternational.com//contact-us,https://www.freyerinternational.com//gallery,Gallery,True,https://www.freyerinternational.com//gallery
https://www.freyerinternational.com//contact-us,https://www.freyerinternational.com//corporate-social-responsibility,CSR,True,https://www.freyerinternational.com//corporate-social-responsibility
https://www.freyerinternational.com//contact-us,https://www.freyerinternational.com//careers,Careers,True,https://www.freyerinternational.com//careers
https://www.freyerinternational.com//contact-us,https://www.freyerinternational.com//contact-us,Contact Us,True,https://www.freyerinternational.com//contact-us
https://www.freyerinternational.com//contact-us,https://www.freyerinternational.com//services/air-services,Air Services,True,https://www.freyerinternational.com//services/air-services
https://www.freyerinternational.com//contact-us,https://www.freyerinternational.com//services/ocean-services,Ocean Services,True,https://www.freyerinternational.com//services/ocean-services
https://www.freyerinternational.com//contact-us,https://www.freyerinternational.com//services/customs-services,Customs Services,True,https://www.freyerinternational.com//services/customs-services
https://www.freyerinternational.com//contact-us,https://www.freyerinternational.com//services/warehouse,Warehouse,True,https://www.freyerinternational.com//services/warehouse
https://www.freyerinternational.com//contact-us,https://www.freyerinternational.com//services/risk-management,Risk Management,True,https://www.freyerinternational.com//services/risk-management
https://www.freyerinternational.com//contact-us,https://www.freyerinternational.com//services/project-cargo,Project Cargo,True,https://www.freyerinternational.com//services/project-cargo
https://www.freyerinternational.com//contact-us,https://www.horizonsoftnet.com/,,False,https://www.horizonsoftnet.com/
https://www.freyerinternational.com/career-plus.php,https://www.freyerinternational.com//,,True,https://www.freyerinternational.com//
https://www.freyerinternational.com/career-plus.php,https://www.freyerinternational.com//,Home,True,https://www.freyerinternational.com//
https://www.freyerinternational.com/career-plus.php,https://www.freyerinternational.com//about,About,True,https://www.freyerinternational.com//about
https://www.freyerinternational.com/career-plus.php,https://www.freyerinternational.com//services,Services,True,https://www.freyerinternational.com//services
https://www.freyerinternational.com/career-plus.php,https://www.freyerinternational.com//services/air-services,Air Services,True,https://www.freyerinternational.com//services/air-services
https://www.freyerinternational.com/career-plus.php,https://www.freyerinternational.com//services/ocean-services,Ocean Services,True,https://www.freyerinternational.com//services/ocean-services
https://www.freyerinternational.com/career-plus.php,https://www.freyerinternational.com//services/customs-services,Customs Services,True,https://www.freyerinternational.com//services/customs-services
https://www.freyerinternational.com/career-plus.php,https://www.freyerinternational.com//services/warehouse,Warehouse,True,https://www.freyerinternational.com//services/warehouse
https://www.freyerinternational.com/career-plus.php,https://www.freyerinternational.com//services/risk-management,Risk Management,True,https://www.freyerinternational.com//services/risk-management
https://www.freyerinternational.com/career-plus.php,https://www.freyerinternational.com//services/project-cargo,Project Cargo,True,https://www.freyerinternational.com//services/project-cargo
https://www.freyerinternational.com/career-plus.php,https://www.freyerinternational.com//locations,Locations,True,https://www.freyerinternational.com//locations
https://www.freyerinternational.com/career-plus.php,https://www.freyerinternational.com//awards,Awards,True,https://www.freyerinternational.com//awards
https://www.freyerinternational.com/career-plus.php,https://www.freyerinternational.com//project,Project,True,https://www.freyerinternational.com//project
https://www.freyerinternational.com/career-plus.php,https://www.freyerinternational.com//gallery,Gallery,True,https://www.freyerinternational.com//gallery
https://www.freyerinternational.com/career-plus.php,https://www.freyerinternational.com//corporate-social-responsibility,CSR,True,https://www.freyerinternational.com//corporate-social-responsibility
https://www.freyerinternational.com/career-plus.php,https://www.freyerinternational.com//careers,Careers,True,https://www.freyerinternational.com//careers
https://www.freyerinternational.com/career-plus.php,https://www.freyerinternational.com//network partners,Network Partners,True,https://www.freyerinternational.com//network partners
https://www.freyerinternational.com/career-plus.php,https://www.freyerinternational.com//contact-us,Contact Us,True,https://www.freyerinternational.com//contact-us
https://www.freyerinternational.com/career-plus.php,https://www.freyerinternational.com//,Home,True,https://www.freyerinternational.com//
https://www.freyerinternational.com/career-plus.php,https://www.freyerinternational.com//,Home,True,https://www.freyerinternational.com//
https://www.freyerinternational.com/career-plus.php,https://www.freyerinternational.com//about,About,True,https://www.freyerinternational.com//about
https://www.freyerinternational.com/career-plus.php,https://www.freyerinternational.com//services,Services,True,https://www.freyerinternational.com//services
https://www.freyerinternational.com/career-plus.php,https://www.freyerinternational.com//locations,Locations,True,https://www.freyerinternational.com//locations
https://www.freyerinternational.com/career-plus.php,https://www.freyerinternational.com//awards,Awards,True,https://www.freyerinternational.com//awards
https://www.freyerinternational.com/career-plus.php,https://www.freyerinternational.com//gallery,Gallery,True,https://www.freyerinternational.com//gallery
https://www.freyerinternational.com/career-plus.php,https://www.freyerinternational.com//corporate-social-responsibility,CSR,True,https://www.freyerinternational.com//corporate-social-responsibility
https://www.freyerinternational.com/career-plus.php,https://www.freyerinternational.com//careers,Careers,True,https://www.freyerinternational.com//careers
https://www.freyerinternational.com/career-plus.php,https://www.freyerinternational.com//contact-us,Contact Us,True,https://www.freyerinternational.com//contact-us
https://www.freyerinternational.com/career-plus.php,https://www.freyerinternational.com//services/air-services,Air Services,True,https://www.freyerinternational.com//services/air-services
https://www.freyerinternational.com/career-plus.php,https://www.freyerinternational.com//services/ocean-services,Ocean Services,True,https://www.freyerinternational.com//services/ocean-services
https://www.freyerinternational.com/career-plus.php,https://www.freyerinternational.com//services/customs-services,Customs Services,True,https://www.freyerinternational.com//services/customs-services
https://www.freyerinternational.com/career-plus.php,https://www.freyerinternational.com//services/warehouse,Warehouse,True,https://www.freyerinternational.com//services/warehouse
https://www.freyerinternational.com/career-plus.php,https://www.freyerinternational.com//services/risk-management,Risk Management,True,https://www.freyerinternational.com//services/risk-management
https://www.freyerinternational.com/career-plus.php,https://www.freyerinternational.com//services/project-cargo,Project Cargo,True,https://www.freyerinternational.com//services/project-cargo
https://www.freyerinternational.com/career-plus.php,https://www.horizonsoftnet.com/,,False,https://www.horizonsoftnet.com/
